Full_Date,Open,High,Low,Close,Index
1/18/2018,4236.17,4246.46,4234.16,4245.69,DJ Islamic Market Titans
1/17/2018,4208.02,4242.41,4202.5,4241.6,DJ Islamic Market Titans
1/16/2018,4208.69,4242.58,4206.58,4207.46,DJ Islamic Market Titans
1/15/2018,4204.18,4211.04,4203.43,4210.98,DJ Islamic Market Titans
1/12/2018,4174.03,4204.99,4199.91,4199.91,DJ Islamic Market Titans
1/11/2018,4161.23,4174.85,4172.52,4173.57,DJ Islamic Market Titans
1/10/2018,4177.02,4177.02,4157.67,4158.36,DJ Islamic Market Titans
1/9/2018,4175.01,4183.73,4173.91,4173.92,DJ Islamic Market Titans
1/8/2018,4171.59,4176.69,4173.89,4175.21,DJ Islamic Market Titans
1/5/2018,4170.99,4171.66,4170.99,4170.99,DJ Islamic Market Titans
1/4/2018,4136.49,4137.24,4135.45,4136.78,DJ Islamic Market Titans
1/3/2018,4081.53,4114.88,4081.45,4114.69,DJ Islamic Market Titans
1/2/2018,4042.89,4084.02,4083.49,4083.49,DJ Islamic Market Titans
1/1/2018,4042.58,4046.06,4042.38,4045.91,DJ Islamic Market Titans
12/29/2017,4052.58,4059.79,4042.5,4042.5,DJ Islamic Market Titans
12/28/2017,4048.43,4055.05,4054.36,4054.36,DJ Islamic Market Titans
12/27/2017,4041.24,4051.15,4048.28,4051.05,DJ Islamic Market Titans
12/26/2017,4040.52,4042.02,4039.75,4040.52,DJ Islamic Market Titans
12/25/2017,4052.42,4052.86,4050.58,4050.9,DJ Islamic Market Titans
12/24/2017,4051.24,4051.24,4050.64,4051.24,DJ Islamic Market Titans
12/22/2017,4052.39,4055.98,4045.89,4049.8,DJ Islamic Market Titans
12/21/2017,4045.99,4053.4,4051.08,4053.21,DJ Islamic Market Titans
12/20/2017,4056.34,4061,4043,4044.27,DJ Islamic Market Titans
12/19/2017,4066.92,4071.49,4054.8,4055.68,DJ Islamic Market Titans
12/18/2017,4040.78,4069.65,4040.33,4068.83,DJ Islamic Market Titans
12/15/2017,4017.26,4043.17,4011.47,4040.89,DJ Islamic Market Titans
12/14/2017,4034.76,4018.07,4013.78,4014.38,DJ Islamic Market Titans
12/13/2017,4020.78,4038.07,4017.28,4037.74,DJ Islamic Market Titans
12/12/2017,4022.07,4029.35,4018.32,4018.55,DJ Islamic Market Titans
12/11/2017,4000.19,4023.28,4021.16,4021.94,DJ Islamic Market Titans
12/8/2017,3978.17,4003.84,4000.19,4000.19,DJ Islamic Market Titans
12/7/2017,3972.01,3981.03,3977.62,3980.32,DJ Islamic Market Titans
12/6/2017,3973.2,3975.88,3942.85,3975.8,DJ Islamic Market Titans
12/5/2017,3984.9,3974.22,3972.42,3973.87,DJ Islamic Market Titans
12/4/2017,4006.83,4025.17,3979.91,3981.29,DJ Islamic Market Titans
12/1/2017,4019.49,4005.51,3978.18,4005.51,DJ Islamic Market Titans
11/30/2017,4008.13,4024.63,3995.62,4021.44,DJ Islamic Market Titans
11/29/2017,4046.95,4047.81,3999.48,3999.98,DJ Islamic Market Titans
11/28/2017,4031.34,4047.62,4045.47,4045.52,DJ Islamic Market Titans
11/27/2017,4040.67,4032.29,4028.63,4029.96,DJ Islamic Market Titans
11/24/2017,4025.91,4044.06,4041.34,4041.34,DJ Islamic Market Titans
11/23/2017,4024.79,4027.04,4024.85,4027.02,DJ Islamic Market Titans
11/22/2017,4020.98,4025.29,4023.54,4023.61,DJ Islamic Market Titans
11/21/2017,3982,4025.5,3981.96,4024.93,DJ Islamic Market Titans
11/20/2017,3976.68,3988.38,3950.49,3988.38,DJ Islamic Market Titans
11/17/2017,3977.97,3977.97,3976.91,3977.97,DJ Islamic Market Titans
11/16/2017,3991.81,3995.48,3991.41,3994.59,DJ Islamic Market Titans
11/15/2017,3980.5,3956.31,3951.97,3954.95,DJ Islamic Market Titans
11/14/2017,3983.81,3986.56,3977.73,3978.21,DJ Islamic Market Titans
11/13/2017,3984.33,3986.21,3982.92,3985.98,DJ Islamic Market Titans
11/10/2017,3996.61,3996.89,3976.15,3986.05,DJ Islamic Market Titans
11/9/2017,4013.27,3994.5,3993.44,3994.5,DJ Islamic Market Titans
11/8/2017,4001.14,4017.98,3996.2,4015.78,DJ Islamic Market Titans
11/7/2017,3999.01,4002.41,4000.65,4001.59,DJ Islamic Market Titans
11/6/2017,3988.9,4002.97,4002.11,4002.11,DJ Islamic Market Titans
11/3/2017,3969.44,3990.52,3988.81,3988.81,DJ Islamic Market Titans
11/2/2017,3973.85,3969.91,3968.3,3968.49,DJ Islamic Market Titans
11/1/2017,3957,3977,3973.6,3974.3,DJ Islamic Market Titans
10/31/2017,3945.32,3960.45,3958.56,3958.56,DJ Islamic Market Titans
10/30/2017,3939.26,3950.33,3944.2,3945.46,DJ Islamic Market Titans
10/27/2017,3900.1,3942.63,3937.98,3937.98,DJ Islamic Market Titans
10/26/2017,3911.96,3901.45,3899.36,3899.62,DJ Islamic Market Titans
10/25/2017,3922.03,3913.04,3911.34,3911.98,DJ Islamic Market Titans
10/24/2017,3929.79,3923.77,3916.26,3922.65,DJ Islamic Market Titans
10/23/2017,3934.1,3930.76,3929.27,3930.16,DJ Islamic Market Titans
10/20/2017,3940.85,3942.74,3931.99,3936.41,DJ Islamic Market Titans
10/19/2017,3949.89,3941.25,3939.96,3941.03,DJ Islamic Market Titans
10/18/2017,3945.49,3952.38,3943.77,3951.37,DJ Islamic Market Titans
10/17/2017,3943.64,3947.44,3936.83,3946.29,DJ Islamic Market Titans
10/16/2017,3935.97,3945.91,3935.97,3945.56,DJ Islamic Market Titans
10/13/2017,3930.05,3947.1,3937.24,3937.24,DJ Islamic Market Titans
10/12/2017,3928.18,3935.02,3927.87,3929.24,DJ Islamic Market Titans
10/11/2017,3908.84,3930.5,3908.73,3929.07,DJ Islamic Market Titans
10/10/2017,3892.1,3911.37,3892.04,3910.83,DJ Islamic Market Titans
10/9/2017,3889,3896.73,3896.7,3896.7,DJ Islamic Market Titans
10/6/2017,3887.49,3887.95,3876.99,3887.95,DJ Islamic Market Titans
10/5/2017,3871.59,3889.09,3887.11,3887.64,DJ Islamic Market Titans
10/4/2017,3871.04,3875.54,3870.9,3871.16,DJ Islamic Market Titans
10/3/2017,3860.52,3873.39,3859.92,3873.12,DJ Islamic Market Titans
10/2/2017,3849.15,3861.13,3858.18,3860.18,DJ Islamic Market Titans
9/29/2017,3850.03,3850.03,3850.03,3850.03,DJ Islamic Market Titans
9/28/2017,3830.86,3830.86,3829.78,3829.97,DJ Islamic Market Titans
9/27/2017,3826.88,3828.76,3826.88,3828.04,DJ Islamic Market Titans
9/26/2017,3819.97,3820.6,3819.22,3819.75,DJ Islamic Market Titans
9/25/2017,3827.91,3828,3826.58,3826.58,DJ Islamic Market Titans
9/24/2017,3845.84,3845.84,3845.84,3845.84,DJ Islamic Market Titans
9/22/2017,3847.3,3851.88,3839.49,3847.3,DJ Islamic Market Titans
9/21/2017,3848.74,3849.42,3847.96,3848.35,DJ Islamic Market Titans
9/20/2017,3861.33,3861.88,3860.7,3861.15,DJ Islamic Market Titans
9/19/2017,3873.86,3874.73,3873.71,3873.79,DJ Islamic Market Titans
9/18/2017,3865.44,3867.05,3865.34,3866.27,DJ Islamic Market Titans
9/17/2017,3857.58,3857.58,3857.53,3857.58,DJ Islamic Market Titans
9/15/2017,3859.44,3862.77,3848.32,3859.44,DJ Islamic Market Titans
9/14/2017,3850.73,3851.36,3850.3,3850.3,DJ Islamic Market Titans
9/13/2017,3852.91,3853.16,3852.45,3852.49,DJ Islamic Market Titans
9/12/2017,3856.33,3856.46,3855.51,3855.6,DJ Islamic Market Titans
9/11/2017,3845.29,3845.72,3844.41,3844.95,DJ Islamic Market Titans
9/10/2017,3809.67,3809.67,3809.62,3809.67,DJ Islamic Market Titans
9/8/2017,3810.81,3829.25,3809.46,3810.81,DJ Islamic Market Titans
9/7/2017,3823.13,3824.27,3822.74,3824.02,DJ Islamic Market Titans
9/6/2017,3794.61,3795.79,3794.61,3795,DJ Islamic Market Titans
9/5/2017,3779.49,3779.64,3778.88,3779.19,DJ Islamic Market Titans
9/4/2017,3789.17,3789.36,3788.57,3788.83,DJ Islamic Market Titans
9/3/2017,3794.9,3794.9,3794.9,3794.9,DJ Islamic Market Titans
9/1/2017,3794.35,3804.7,3790,3794.35,DJ Islamic Market Titans
8/31/2017,3794.83,3794.97,3794.34,3794.44,DJ Islamic Market Titans
8/30/2017,3763.68,3764.25,3763.36,3764.2,DJ Islamic Market Titans
8/29/2017,3752.12,3752.52,3751.71,3752.46,DJ Islamic Market Titans
8/28/2017,3750.27,3750.95,3749.97,3750.39,DJ Islamic Market Titans
8/27/2017,3749.33,3749.33,3749.33,3749.33,DJ Islamic Market Titans
8/25/2017,3745.71,3763.61,3741.15,3745.71,DJ Islamic Market Titans
8/24/2017,3743.47,3743.47,3742.78,3743.05,DJ Islamic Market Titans
8/23/2017,3750.6,3750.82,3750.01,3750.02,DJ Islamic Market Titans
8/22/2017,3756.03,3756.37,3755.55,3755.81,DJ Islamic Market Titans
8/21/2017,3722.1,3722.7,3721.96,3722.31,DJ Islamic Market Titans
8/20/2017,3719.36,3719.36,3719.36,3719.36,DJ Islamic Market Titans
8/18/2017,3720.66,3734.79,3713.95,3720.66,DJ Islamic Market Titans
8/17/2017,3730.3,3730.95,3730.2,3730.93,DJ Islamic Market Titans
8/16/2017,3774.34,3774.7,3774.11,3774.16,DJ Islamic Market Titans
8/15/2017,3763.51,3763.51,3761.82,3762.74,DJ Islamic Market Titans
8/14/2017,3764.84,3767.84,3764.55,3765.7,DJ Islamic Market Titans
8/13/2017,3733.94,3733.94,3732.8,3733.94,DJ Islamic Market Titans
8/11/2017,3736.1,3744.54,3724.33,3736.1,DJ Islamic Market Titans
8/10/2017,3732.61,3732.83,3732.35,3732.81,DJ Islamic Market Titans
8/9/2017,3779.85,3779.85,3779.04,3779.08,DJ Islamic Market Titans
8/8/2017,3781.55,3781.76,3779.59,3779.62,DJ Islamic Market Titans
8/7/2017,3784.16,3784.45,3783.99,3784.25,DJ Islamic Market Titans
8/6/2017,3771.42,3771.42,3771.42,3771.42,DJ Islamic Market Titans
8/4/2017,3769.66,3776.98,3761.94,3769.66,DJ Islamic Market Titans
8/3/2017,3765.99,3766.1,3765.6,3765.67,DJ Islamic Market Titans
8/2/2017,3768.6,3768.6,3767.49,3767.7,DJ Islamic Market Titans
8/1/2017,3756.94,3757.76,3756.69,3757.16,DJ Islamic Market Titans
7/31/2017,3748.11,3749.33,3747.96,3748.76,DJ Islamic Market Titans
7/30/2017,3745.41,3745.41,3744.53,3745.41,DJ Islamic Market Titans
7/28/2017,3744.71,3747.22,3729.73,3744.71,DJ Islamic Market Titans
7/27/2017,3742.27,3742.59,3740.21,3740.21,DJ Islamic Market Titans
7/26/2017,3757.34,3763.54,3757.34,3758.71,DJ Islamic Market Titans
7/25/2017,3748.48,3749.43,3748.24,3748.57,DJ Islamic Market Titans
7/24/2017,3746.28,3746.48,3745.88,3746.07,DJ Islamic Market Titans
7/23/2017,3753.23,3753.23,3753.23,3753.23,DJ Islamic Market Titans
7/21/2017,3752.52,3762.96,3743.62,3752.52,DJ Islamic Market Titans
7/20/2017,3757.94,3758.79,3757.9,3757.95,DJ Islamic Market Titans
7/19/2017,3754.99,3755.15,3754.72,3754.97,DJ Islamic Market Titans
7/18/2017,3735.77,3736.66,3735.54,3736.22,DJ Islamic Market Titans
7/17/2017,3726.35,3727.74,3726.35,3727.3,DJ Islamic Market Titans
7/16/2017,3729.29,3729.29,3729.29,3729.29,DJ Islamic Market Titans
7/14/2017,3727.39,3732.94,3727.39,3727.39,DJ Islamic Market Titans
7/13/2017,3702.27,3702.36,3700.84,3701.55,DJ Islamic Market Titans
7/12/2017,3694.74,3695.56,3694.71,3695.31,DJ Islamic Market Titans
7/11/2017,3658.3,3658.92,3658.3,3658.76,DJ Islamic Market Titans
7/10/2017,3653.1,3653.29,3652.66,3653,DJ Islamic Market Titans
7/9/2017,3643.62,3643.62,3643.62,3643.62,DJ Islamic Market Titans
7/7/2017,3641.59,3644.28,3621.48,3641.59,DJ Islamic Market Titans
7/6/2017,3626.58,3626.7,3625.84,3626.35,DJ Islamic Market Titans
7/5/2017,3654.71,3654.92,3653.79,3654.27,DJ Islamic Market Titans
7/4/2017,3645.41,3646,3645.19,3645.31,DJ Islamic Market Titans
7/3/2017,3653.27,3653.78,3653.27,3653.48,DJ Islamic Market Titans
7/2/2017,3655.45,3655.45,3655.45,3655.45,DJ Islamic Market Titans
6/30/2017,3654.79,3669.9,3653.26,3654.79,DJ Islamic Market Titans
6/29/2017,3660.2,3660.2,3658.03,3658.23,DJ Islamic Market Titans
6/28/2017,3705.02,3705.63,3704.82,3705.43,DJ Islamic Market Titans
6/27/2017,3685.04,3685.32,3684.83,3685.03,DJ Islamic Market Titans
6/26/2017,3715.52,3715.54,3714.56,3714.64,DJ Islamic Market Titans
6/25/2017,3719.07,3719.07,3719.07,3719.07,DJ Islamic Market Titans
6/23/2017,3718.87,3721.31,3702.37,3718.87,DJ Islamic Market Titans
6/22/2017,3708.07,3708.31,3707.75,3708.19,DJ Islamic Market Titans
6/21/2017,3702.06,3702.7,3702.02,3702.42,DJ Islamic Market Titans
6/20/2017,3692.96,3693.2,3692.67,3693.1,DJ Islamic Market Titans
6/19/2017,3706.72,3707.55,3706.56,3706.86,DJ Islamic Market Titans
6/18/2017,3670.36,3670.36,3670.14,3670.36,DJ Islamic Market Titans
6/16/2017,3670.33,3671.3,3654.04,3670.33,DJ Islamic Market Titans
6/15/2017,3664.6,3664.95,3664.16,3664.7,DJ Islamic Market Titans
6/14/2017,3680.46,3681.52,3679.98,3681.35,DJ Islamic Market Titans
6/13/2017,3685.04,3685.65,3685.04,3685.41,DJ Islamic Market Titans
6/12/2017,3668.56,3668.59,3667.4,3668.13,DJ Islamic Market Titans
6/11/2017,3685.55,3685.94,3685.55,3685.55,DJ Islamic Market Titans
6/9/2017,3686.32,3715.03,3664.46,3686.32,DJ Islamic Market Titans
6/8/2017,3705.17,3705.17,3703.24,3703.58,DJ Islamic Market Titans
6/7/2017,3712.06,3712.41,3711.67,3711.78,DJ Islamic Market Titans
6/6/2017,3716.25,3716.64,3716.02,3716.12,DJ Islamic Market Titans
6/5/2017,3726.89,3727.17,3726.72,3726.76,DJ Islamic Market Titans
6/4/2017,3728.7,3728.7,3728.7,3728.7,DJ Islamic Market Titans
6/2/2017,3728.73,3729.53,3728.73,3728.73,DJ Islamic Market Titans
6/1/2017,3695.54,3696.51,3695.18,3696.38,DJ Islamic Market Titans
5/31/2017,3679.95,3680.96,3679.91,3680.47,DJ Islamic Market Titans
5/30/2017,3676.37,3677.03,3676.11,3676.65,DJ Islamic Market Titans
5/29/2017,3674.56,3675.13,3674.49,3674.86,DJ Islamic Market Titans
5/28/2017,3678.14,3678.81,3678.14,3678.14,DJ Islamic Market Titans
5/26/2017,3678.44,3681.78,3673.94,3678.44,DJ Islamic Market Titans
5/25/2017,3680.15,3680.2,3678.79,3679.03,DJ Islamic Market Titans
5/24/2017,3665.98,3666.19,3665.38,3665.91,DJ Islamic Market Titans
5/23/2017,3657.79,3658.64,3657.79,3657.99,DJ Islamic Market Titans
5/22/2017,3658.69,3659.62,3658.67,3659.49,DJ Islamic Market Titans
5/21/2017,3642.1,3642.1,3639.62,3642.1,DJ Islamic Market Titans
5/19/2017,3641.47,3647.68,3641.47,3641.47,DJ Islamic Market Titans
5/18/2017,3619.78,3620.03,3619.04,3619.49,DJ Islamic Market Titans
5/17/2017,3615.39,3615.59,3614.16,3614.5,DJ Islamic Market Titans
5/16/2017,3665.6,3666.12,3665.55,3665.89,DJ Islamic Market Titans
5/15/2017,3654.22,3654.77,3653.21,3654.59,DJ Islamic Market Titans
5/14/2017,3639.27,3639.27,3639.27,3639.27,DJ Islamic Market Titans
5/12/2017,3639.65,3641.36,3639.65,3639.65,DJ Islamic Market Titans
5/11/2017,3624.54,3624.54,3623.16,3623.65,DJ Islamic Market Titans
5/10/2017,3627.58,3627.64,3626.91,3627.31,DJ Islamic Market Titans
5/9/2017,3632.54,3632.71,3631.86,3632.63,DJ Islamic Market Titans
5/8/2017,3629.45,3629.67,3628.85,3628.97,DJ Islamic Market Titans
5/7/2017,3620.43,3620.43,3620.43,3620.43,DJ Islamic Market Titans
5/5/2017,3620.43,3621.56,3609.5,3620.43,DJ Islamic Market Titans
5/4/2017,3613.2,3613.31,3612.71,3612.73,DJ Islamic Market Titans
5/3/2017,3603.36,3603.72,3603.14,3603.17,DJ Islamic Market Titans
5/2/2017,3603.09,3603.24,3602.88,3602.94,DJ Islamic Market Titans
5/1/2017,3590.6,3591.71,3590.58,3591.63,DJ Islamic Market Titans
4/30/2017,3583.18,3583.18,3583.18,3583.18,DJ Islamic Market Titans
4/28/2017,3582.86,3588.06,3577.73,3582.86,DJ Islamic Market Titans
4/27/2017,3579.79,3579.96,3579.45,3579.63,DJ Islamic Market Titans
4/26/2017,3571.59,3572.26,3571.59,3572.1,DJ Islamic Market Titans
4/25/2017,3576.26,3577.04,3576.17,3576.86,DJ Islamic Market Titans
4/24/2017,3551.26,3551.57,3550.62,3551.07,DJ Islamic Market Titans
4/23/2017,3512.69,3512.69,3509.25,3512.69,DJ Islamic Market Titans
4/21/2017,3505.3,3510.4,3500.8,3505.3,DJ Islamic Market Titans
4/20/2017,3506.94,3507.33,3506.84,3507.08,DJ Islamic Market Titans
4/19/2017,3485.78,3486.76,3485.56,3486.15,DJ Islamic Market Titans
4/18/2017,3495.66,3497.13,3495.64,3496.69,DJ Islamic Market Titans
4/17/2017,3505.91,3506.33,3505.71,3505.95,DJ Islamic Market Titans
4/16/2017,3486.37,3486.37,3486.37,3486.37,DJ Islamic Market Titans
4/14/2017,3486.12,3486.12,3485.17,3486.12,DJ Islamic Market Titans
4/13/2017,3487.69,3487.69,3486.43,3486.85,DJ Islamic Market Titans
4/12/2017,3506.46,3506.46,3505.54,3505.61,DJ Islamic Market Titans
4/11/2017,3501.73,3501.73,3500.45,3500.7,DJ Islamic Market Titans
4/10/2017,3507.4,3507.71,3507.27,3507.69,DJ Islamic Market Titans
4/9/2017,3506.43,3506.43,3506.43,3506.43,DJ Islamic Market Titans
4/7/2017,3508.05,3513.75,3502.48,3508.05,DJ Islamic Market Titans
4/6/2017,3510.77,3511.2,3510.41,3511.04,DJ Islamic Market Titans
4/5/2017,3515.38,3516.37,3515.08,3515.51,DJ Islamic Market Titans
4/4/2017,3522.96,3523.37,3522.59,3522.71,DJ Islamic Market Titans
4/3/2017,3516.16,3516.97,3515.83,3516.91,DJ Islamic Market Titans
4/2/2017,3516.65,3516.65,3516.65,3516.65,DJ Islamic Market Titans
3/31/2017,3525,3516.3,3515.08,3516.3,DJ Islamic Market Titans
3/30/2017,3527.44,3526.28,3521.32,3525.95,DJ Islamic Market Titans
3/29/2017,3522.33,3530.14,3526.86,3527.02,DJ Islamic Market Titans
3/28/2017,3507.47,3528.06,3521.41,3522.19,DJ Islamic Market Titans
3/27/2017,3506.71,3509.61,3489.25,3509.39,DJ Islamic Market Titans
3/24/2017,3505.51,3515.9,3497.89,3503.57,DJ Islamic Market Titans
3/23/2017,3507.9,3516.41,3505.15,3505.28,DJ Islamic Market Titans
3/22/2017,3506.46,3511.37,3506.82,3507.24,DJ Islamic Market Titans
3/21/2017,3527.93,3545.84,3502.6,3503.27,DJ Islamic Market Titans
3/20/2017,3525.52,3528.7,3522.32,3528.58,DJ Islamic Market Titans
3/17/2017,3527.49,3535.12,3524.61,3525.2,DJ Islamic Market Titans
3/16/2017,3524.64,3530.32,3526.11,3526.4,DJ Islamic Market Titans
3/15/2017,3495.29,3525.28,3524.05,3525.15,DJ Islamic Market Titans
3/14/2017,3503.52,3503.74,3494.41,3494.75,DJ Islamic Market Titans
3/13/2017,3503.17,3508.99,3503.07,3503.14,DJ Islamic Market Titans
3/10/2017,3485.79,3507.1,3485.65,3503.84,DJ Islamic Market Titans
3/9/2017,3479.23,3488.76,3475.08,3488.57,DJ Islamic Market Titans
3/8/2017,3482.72,3480.37,3478.32,3478.63,DJ Islamic Market Titans
3/7/2017,3489.56,3483.42,3482.21,3482.75,DJ Islamic Market Titans
3/6/2017,3498.24,3490.08,3489.04,3489.99,DJ Islamic Market Titans
3/3/2017,3492.46,3498.89,3485.05,3495.36,DJ Islamic Market Titans
3/2/2017,3501.51,3492.84,3491.5,3491.82,DJ Islamic Market Titans
3/1/2017,3465.49,3504.87,3464.33,3504.27,DJ Islamic Market Titans
2/28/2017,3469.37,3466.93,3463.27,3466.03,DJ Islamic Market Titans
2/27/2017,3471.29,3470.82,3462.74,3470.55,DJ Islamic Market Titans
2/24/2017,3471.48,3471.48,3458.05,3471.48,DJ Islamic Market Titans
2/23/2017,3472.66,3472.78,3471.73,3471.97,DJ Islamic Market Titans
2/22/2017,3465.96,3466.05,3464.53,3464.96,DJ Islamic Market Titans
2/21/2017,3461.27,3463.18,3461.25,3462.9,DJ Islamic Market Titans
2/20/2017,3448.22,3448.34,3446.27,3446.82,DJ Islamic Market Titans
2/19/2017,3451.87,3451.87,3451.87,3451.87,DJ Islamic Market Titans
2/17/2017,3452.66,3452.66,3435.06,3452.66,DJ Islamic Market Titans
2/16/2017,3438.98,3439.03,3436.7,3438.52,DJ Islamic Market Titans
2/15/2017,3434.14,3436.36,3434.06,3435.61,DJ Islamic Market Titans
2/14/2017,3411.92,3414.03,3411.41,3413.78,DJ Islamic Market Titans
2/13/2017,3410.43,3410.83,3409.53,3409.63,DJ Islamic Market Titans
2/12/2017,3393.75,3393.75,3392.61,3393.75,DJ Islamic Market Titans
2/10/2017,3393.23,3398.75,3393.23,3393.23,DJ Islamic Market Titans
2/9/2017,3382.99,3387.04,3382.79,3386.44,DJ Islamic Market Titans
2/8/2017,3374.8,3374.93,3372.77,3373.37,DJ Islamic Market Titans
2/7/2017,3367.92,3368.33,3367.34,3368.05,DJ Islamic Market Titans
2/6/2017,3363.83,3364.2,3361.4,3361.92,DJ Islamic Market Titans
2/5/2017,3364.43,3365.51,3364.43,3364.43,DJ Islamic Market Titans
2/3/2017,3364.12,3365.27,3364.12,3364.12,DJ Islamic Market Titans
2/2/2017,3343.83,3345.69,3342.6,3345.02,DJ Islamic Market Titans
2/1/2017,3346.86,3349.11,3346.32,3348.71,DJ Islamic Market Titans
1/31/2017,3337.24,3337.4,3334.28,3334.86,DJ Islamic Market Titans
1/30/2017,3341.63,3341.92,3339.77,3340.07,DJ Islamic Market Titans
1/29/2017,3359.02,3359.91,3359.02,3359.02,DJ Islamic Market Titans
1/27/2017,3358.66,3360.74,3353.59,3358.66,DJ Islamic Market Titans
1/26/2017,3356.46,3357.67,3356.28,3357,DJ Islamic Market Titans
1/25/2017,3365.08,3367.27,3365.01,3366.51,DJ Islamic Market Titans
1/24/2017,3333.9,3336.36,3333.32,3336.18,DJ Islamic Market Titans
1/23/2017,3329.07,3329.1,3327.71,3328.43,DJ Islamic Market Titans
1/22/2017,3330.19,3330.19,3330.19,3330.19,DJ Islamic Market Titans
1/20/2017,3329.16,3334.76,3316.87,3329.16,DJ Islamic Market Titans
1/19/2017,3320.07,3322.24,3319.94,3321.86,DJ Islamic Market Titans
1/18/2017,3331.84,3333.28,3330.96,3332.44,DJ Islamic Market Titans
1/17/2017,3331.68,3331.88,3328.83,3329.32,DJ Islamic Market Titans
1/16/2017,3325.46,3325.66,3324.15,3325.26,DJ Islamic Market Titans
1/15/2017,3332.04,3333.25,3332.04,3332.04,DJ Islamic Market Titans
1/13/2017,3332.63,3336.41,3332.63,3332.63,DJ Islamic Market Titans
1/12/2017,3324.7,3325.61,3323.55,3324.86,DJ Islamic Market Titans
1/11/2017,3331.85,3333.19,3329.49,3331.51,DJ Islamic Market Titans
1/10/2017,3324.32,3325.76,3324.08,3325.65,DJ Islamic Market Titans
1/9/2017,3330.23,3330.99,3329.5,3330.49,DJ Islamic Market Titans
1/8/2017,3324.99,3324.99,3324.99,3324.99,DJ Islamic Market Titans
1/6/2017,3328.61,3329.99,3308.17,3328.61,DJ Islamic Market Titans
1/5/2017,3317.58,3318.47,3315.02,3315.55,DJ Islamic Market Titans
1/4/2017,3297.17,3301.2,3296.74,3300.56,DJ Islamic Market Titans
1/3/2017,3282.88,3285.02,3282.82,3284.28,DJ Islamic Market Titans
1/2/2017,3264.41,3266.09,3264.25,3265.87,DJ Islamic Market Titans
1/1/2017,3266.62,3266.62,3266.62,3266.62,DJ Islamic Market Titans
12/30/2016,3266.38,3266.38,3261.67,3266.38,DJ Islamic Market Titans
12/29/2016,3278.44,3286.79,3278.07,3281.76,DJ Islamic Market Titans
12/28/2016,3275.06,3275.56,3273.81,3275,DJ Islamic Market Titans
12/27/2016,3289.72,3290.79,3289.2,3290.53,DJ Islamic Market Titans
12/26/2016,3283.96,3284.31,3283.51,3283.88,DJ Islamic Market Titans
12/25/2016,3284.54,3285.42,3284.01,3284.54,DJ Islamic Market Titans
12/23/2016,3284.71,3284.71,3278.87,3284.71,DJ Islamic Market Titans
12/22/2016,3283.11,3283.43,3282.79,3282.98,DJ Islamic Market Titans
12/21/2016,3287.44,3288.71,3286.82,3287.95,DJ Islamic Market Titans
12/20/2016,3295.88,3296.96,3295.47,3295.96,DJ Islamic Market Titans
12/19/2016,3290.66,3291.39,3289.95,3291.16,DJ Islamic Market Titans
12/18/2016,3285.35,3285.35,3285.35,3285.35,DJ Islamic Market Titans
12/16/2016,3283.01,3295.79,3280.84,3283.01,DJ Islamic Market Titans
12/15/2016,3289.55,3290.31,3288.74,3289.14,DJ Islamic Market Titans
12/14/2016,3285.57,3285.75,3281.81,3283.05,DJ Islamic Market Titans
12/13/2016,3311.05,3312.69,3310.86,3312.51,DJ Islamic Market Titans
12/12/2016,3276.2,3277.13,3275.78,3276.48,DJ Islamic Market Titans
12/11/2016,3265.53,3265.53,3265.53,3265.53,DJ Islamic Market Titans
12/9/2016,3264.94,3266.75,3264.94,3264.94,DJ Islamic Market Titans
12/8/2016,3232.18,3233.14,3231.32,3232.28,DJ Islamic Market Titans
12/7/2016,3231.64,3233.69,3231.07,3233.59,DJ Islamic Market Titans
12/6/2016,3202.08,3203.08,3201.87,3202.91,DJ Islamic Market Titans
12/5/2016,3200.33,3202.33,3199.87,3202.1,DJ Islamic Market Titans
12/4/2016,3181.45,3181.45,3179.18,3181.45,DJ Islamic Market Titans
12/2/2016,3184.53,3191.07,3171.56,3184.53,DJ Islamic Market Titans
12/1/2016,3181.2,3181.93,3179.22,3179.77,DJ Islamic Market Titans
11/30/2016,3208.24,3210.84,3207.4,3210.62,DJ Islamic Market Titans
11/29/2016,3224.79,3225.8,3224.47,3225.27,DJ Islamic Market Titans
11/28/2016,3223.49,3224.27,3222.7,3223.91,DJ Islamic Market Titans
11/27/2016,3232.4,3232.4,3232.4,3232.4,DJ Islamic Market Titans
11/25/2016,3232.25,3232.28,3232.25,3232.25,DJ Islamic Market Titans
11/24/2016,3212.83,3213.94,3212.4,3213.61,DJ Islamic Market Titans
11/23/2016,3209.62,3210.75,3208.53,3209.61,DJ Islamic Market Titans
11/22/2016,3222.63,3223.22,3222.19,3222.84,DJ Islamic Market Titans
11/21/2016,3233.36,3235.8,3233.29,3235.71,DJ Islamic Market Titans
11/20/2016,3211.68,3211.68,3211.68,3211.68,DJ Islamic Market Titans
11/18/2016,3211.24,3211.24,3209.81,3211.24,DJ Islamic Market Titans
11/17/2016,3226.76,3228.07,3224.05,3224.93,DJ Islamic Market Titans
11/16/2016,3219.35,3220.69,3219.16,3220.11,DJ Islamic Market Titans
11/15/2016,3213.62,3217.21,3212.96,3216.96,DJ Islamic Market Titans
11/14/2016,3190.93,3192.73,3190.54,3192.2,DJ Islamic Market Titans
11/13/2016,3225.89,3225.89,3225.89,3225.89,DJ Islamic Market Titans
11/11/2016,3226.73,3226.73,3216.03,3226.73,DJ Islamic Market Titans
11/10/2016,3247.32,3249.2,3245.97,3246.12,DJ Islamic Market Titans
11/9/2016,3264.9,3276.25,3264.55,3275.99,DJ Islamic Market Titans
11/8/2016,3248.71,3253.29,3248.07,3251.07,DJ Islamic Market Titans
11/7/2016,3241.88,3242.74,3241.51,3241.72,DJ Islamic Market Titans
11/6/2016,3182.3,3182.3,3181.7,3182.3,DJ Islamic Market Titans
11/4/2016,3186.51,3200.18,3182.94,3186.51,DJ Islamic Market Titans
11/3/2016,3197.21,3197.29,3193.95,3194.21,DJ Islamic Market Titans
11/2/2016,3219.82,3220.61,3219.57,3220.57,DJ Islamic Market Titans
11/1/2016,3238.82,3238.84,3236.67,3237.17,DJ Islamic Market Titans
10/31/2016,3252.36,3252.59,3249.76,3249.84,DJ Islamic Market Titans
10/30/2016,3263.82,3264.61,3263.82,3263.82,DJ Islamic Market Titans
10/28/2016,3263.92,3279.61,3258.31,3263.92,DJ Islamic Market Titans
10/27/2016,3272.7,3273.68,3272.61,3273.52,DJ Islamic Market Titans
10/26/2016,3280,3280.05,3278.63,3279.32,DJ Islamic Market Titans
10/25/2016,3291.25,3291.7,3290.52,3290.57,DJ Islamic Market Titans
10/24/2016,3298.9,3300.56,3298.78,3299.87,DJ Islamic Market Titans
10/23/2016,3287.89,3287.89,3286.13,3287.89,DJ Islamic Market Titans
10/21/2016,3288.55,3288.55,3277.77,3288.55,DJ Islamic Market Titans
10/20/2016,3291.14,3291.26,3290.11,3290.38,DJ Islamic Market Titans
10/19/2016,3295.13,3295.24,3294.33,3294.88,DJ Islamic Market Titans
10/18/2016,3296.39,3297.21,3295.96,3297.12,DJ Islamic Market Titans
10/17/2016,3282.4,3283.83,3282.15,3283.44,DJ Islamic Market Titans
10/16/2016,3291.89,3291.89,3291.89,3291.89,DJ Islamic Market Titans
10/14/2016,3293.47,3311.01,3286.75,3293.47,DJ Islamic Market Titans
10/13/2016,3288.89,3289.2,3287.75,3287.83,DJ Islamic Market Titans
10/12/2016,3298.43,3299.43,3298.13,3298.77,DJ Islamic Market Titans
10/11/2016,3308.03,3309.11,3306.43,3306.47,DJ Islamic Market Titans
10/10/2016,3343.01,3344.38,3342.41,3343.43,DJ Islamic Market Titans
10/9/2016,3330.48,3330.48,3330.48,3330.48,DJ Islamic Market Titans
10/7/2016,3329.77,3345.4,3317.43,3329.77,DJ Islamic Market Titans
10/6/2016,3337.72,3337.75,3330.56,3335.71,DJ Islamic Market Titans
10/5/2016,3342.47,3343.89,3342.34,3343.5,DJ Islamic Market Titans
10/4/2016,3335.54,3337.19,3335.26,3337.15,DJ Islamic Market Titans
10/3/2016,3340.91,3341.11,3340.39,3340.71,DJ Islamic Market Titans
10/2/2016,3343.93,3343.93,3343.93,3343.93,DJ Islamic Market Titans
9/30/2016,3345.4,3352.82,3315.36,3345.4,DJ Islamic Market Titans
9/29/2016,3327.86,3327.86,3326.33,3326.93,DJ Islamic Market Titans
9/28/2016,3356.83,3356.96,3355.88,3356.7,DJ Islamic Market Titans
9/27/2016,3338.52,3339.1,3338.27,3338.87,DJ Islamic Market Titans
9/26/2016,3317.69,3317.74,3316.24,3316.76,DJ Islamic Market Titans
9/25/2016,3349.43,3349.52,3349.43,3349.43,DJ Islamic Market Titans
9/23/2016,3348.98,3369.51,3346.57,3348.98,DJ Islamic Market Titans
9/22/2016,3368.95,3369.16,3367.31,3367.83,DJ Islamic Market Titans
9/21/2016,3344.44,3345.78,3344.44,3345.38,DJ Islamic Market Titans
9/20/2016,3315.21,3315.41,3314.49,3314.77,DJ Islamic Market Titans
9/19/2016,3307.25,3308.71,3307.25,3308.51,DJ Islamic Market Titans
9/18/2016,3306.65,3306.65,3306.48,3306.65,DJ Islamic Market Titans
9/16/2016,3306.22,3324.36,3298.14,3306.22,DJ Islamic Market Titans
9/15/2016,3321.66,3321.99,3321.15,3321.5,DJ Islamic Market Titans
9/14/2016,3291.17,3291.42,3290.81,3290.85,DJ Islamic Market Titans
9/13/2016,3282.81,3283.06,3282.23,3282.31,DJ Islamic Market Titans
9/12/2016,3316.87,3317.3,3316.26,3316.32,DJ Islamic Market Titans
9/11/2016,3286.16,3286.16,3286.16,3286.16,DJ Islamic Market Titans
9/9/2016,3286.56,3353.77,3286.56,3286.56,DJ Islamic Market Titans
9/8/2016,3353.52,3353.63,3353.07,3353.08,DJ Islamic Market Titans
9/7/2016,3367.13,3367.42,3366.54,3367.31,DJ Islamic Market Titans
9/6/2016,3367.3,3367.42,3366.68,3367.19,DJ Islamic Market Titans
9/5/2016,3342.83,3343.4,3342.63,3342.98,DJ Islamic Market Titans
9/4/2016,3342.08,3342.08,3341.83,3342.08,DJ Islamic Market Titans
9/2/2016,3340.43,3345.59,3319.38,3340.43,DJ Islamic Market Titans
9/1/2016,3320.69,3321.05,3320.52,3320.72,DJ Islamic Market Titans
8/31/2016,3319.43,3319.9,3319.32,3319.82,DJ Islamic Market Titans
8/30/2016,3331.33,3331.51,3330.44,3330.44,DJ Islamic Market Titans
8/29/2016,3339.71,3340.19,3339.59,3339.81,DJ Islamic Market Titans
8/28/2016,3328.72,3328.72,3328.72,3328.72,DJ Islamic Market Titans
8/26/2016,3335.69,3357.42,3319.52,3335.69,DJ Islamic Market Titans
8/25/2016,3335.65,3335.85,3335.23,3335.46,DJ Islamic Market Titans
8/24/2016,3346.09,3347.21,3345.51,3346.58,DJ Islamic Market Titans
8/23/2016,3362.55,3363.25,3362.22,3362.34,DJ Islamic Market Titans
8/22/2016,3354.87,3356.44,3354.82,3355.94,DJ Islamic Market Titans
8/21/2016,3356.88,3356.88,3356.88,3356.88,DJ Islamic Market Titans
8/19/2016,3358.37,3358.37,3347.64,3358.37,DJ Islamic Market Titans
8/18/2016,3368.74,3368.74,3367.62,3367.82,DJ Islamic Market Titans
8/17/2016,3359.2,3359.45,3358.62,3359.25,DJ Islamic Market Titans
8/16/2016,3360.29,3361.31,3359.16,3359.36,DJ Islamic Market Titans
8/15/2016,3372.46,3372.75,3372.26,3372.59,DJ Islamic Market Titans
8/14/2016,3363.73,3363.73,3362.83,3363.73,DJ Islamic Market Titans
8/12/2016,3366,3366.48,3357.97,3366,DJ Islamic Market Titans
8/11/2016,3363.43,3363.62,3362.66,3362.92,DJ Islamic Market Titans
8/10/2016,3349.07,3349.47,3348.79,3348.9,DJ Islamic Market Titans
8/9/2016,3355.5,3357.66,3355.43,3357.41,DJ Islamic Market Titans
8/8/2016,3344.26,3344.71,3342.74,3344.03,DJ Islamic Market Titans
8/7/2016,3351.05,3351.05,3351.05,3351.05,DJ Islamic Market Titans
8/5/2016,3350,3350.92,3330.48,3350,DJ Islamic Market Titans
8/4/2016,3335.2,3335.33,3334.44,3334.46,DJ Islamic Market Titans
8/3/2016,3329.13,3330,3329.12,3329.43,DJ Islamic Market Titans
8/2/2016,3338.44,3338.54,3336.66,3336.92,DJ Islamic Market Titans
8/1/2016,3350.7,3351.55,3350.5,3351.47,DJ Islamic Market Titans
7/31/2016,3343.94,3343.94,3343.94,3343.94,DJ Islamic Market Titans
7/29/2016,3345.72,3349.26,3345.72,3345.72,DJ Islamic Market Titans
7/28/2016,3329.82,3330.4,3328.82,3330.24,DJ Islamic Market Titans
7/27/2016,3326.82,3327.5,3326.66,3326.84,DJ Islamic Market Titans
7/26/2016,3313.17,3314.72,3313.05,3314.29,DJ Islamic Market Titans
7/25/2016,3315.95,3316.03,3314.79,3315,DJ Islamic Market Titans
7/24/2016,3322.4,3322.4,3322.4,3322.4,DJ Islamic Market Titans
7/22/2016,3321.27,3322.09,3309.52,3321.27,DJ Islamic Market Titans
7/21/2016,3314.82,3315.07,3314.31,3314.76,DJ Islamic Market Titans
7/20/2016,3321.54,3322.08,3321.15,3321.43,DJ Islamic Market Titans
7/19/2016,3296.63,3297.15,3296,3297.04,DJ Islamic Market Titans
7/18/2016,3303.92,3304.66,3303.4,3304.29,DJ Islamic Market Titans
7/17/2016,3295.58,3295.58,3295.58,3295.58,DJ Islamic Market Titans
7/15/2016,3295.46,3304.49,3289.49,3295.46,DJ Islamic Market Titans
7/14/2016,3300.75,3301.47,3300.6,3301.4,DJ Islamic Market Titans
7/13/2016,3280.76,3281.48,3280.55,3281.23,DJ Islamic Market Titans
7/12/2016,3282.36,3284.9,3281.94,3284.84,DJ Islamic Market Titans
7/11/2016,3265.12,3268.15,3264.95,3268.09,DJ Islamic Market Titans
7/10/2016,3244.7,3244.7,3244.63,3244.7,DJ Islamic Market Titans
7/8/2016,3243.52,3246.02,3207.43,3243.52,DJ Islamic Market Titans
7/7/2016,3213.22,3213.95,3213.01,3213.35,DJ Islamic Market Titans
7/6/2016,3210.08,3210.75,3209.47,3209.63,DJ Islamic Market Titans
7/5/2016,3204.34,3204.61,3201.42,3201.87,DJ Islamic Market Titans
7/4/2016,3222.35,3222.46,3221.14,3221.32,DJ Islamic Market Titans
7/3/2016,3219.18,3219.18,3218.87,3219.18,DJ Islamic Market Titans
7/1/2016,3219.87,3226.23,3206.56,3219.87,DJ Islamic Market Titans
6/30/2016,3206.92,3208.27,3206.78,3208.04,DJ Islamic Market Titans
6/29/2016,3174.16,3174.92,3174,3174.06,DJ Islamic Market Titans
6/28/2016,3116.22,3118.52,3116.21,3117.4,DJ Islamic Market Titans
6/27/2016,3060.51,3061.1,3059.63,3060.68,DJ Islamic Market Titans
6/26/2016,3100.41,3100.41,3100.41,3100.41,DJ Islamic Market Titans
6/24/2016,3104.85,3104.85,3097.84,3104.85,DJ Islamic Market Titans
6/23/2016,3218.65,3219.51,3216.7,3217.7,DJ Islamic Market Titans
6/22/2016,3190.28,3190.68,3189.72,3190.43,DJ Islamic Market Titans
6/21/2016,3184.51,3184.61,3183.93,3184.29,DJ Islamic Market Titans
6/20/2016,3171.19,3172.72,3171.16,3172.59,DJ Islamic Market Titans
6/19/2016,3143.83,3143.83,3143.63,3143.83,DJ Islamic Market Titans
6/17/2016,3139.47,3160.53,3128.88,3139.47,DJ Islamic Market Titans
6/16/2016,3150.11,3151.18,3150.11,3150.87,DJ Islamic Market Titans
6/15/2016,3145.72,3146.53,3145.6,3146.12,DJ Islamic Market Titans
6/14/2016,3144,3144.74,3143.11,3144.27,DJ Islamic Market Titans
6/13/2016,3163.64,3163.64,3162.42,3162.57,DJ Islamic Market Titans
6/12/2016,3194.58,3194.95,3194.58,3194.58,DJ Islamic Market Titans
6/10/2016,3196.55,3196.55,3190.73,3196.55,DJ Islamic Market Titans
6/9/2016,3231.74,3231.79,3229.35,3229.76,DJ Islamic Market Titans
6/8/2016,3245.57,3246.15,3245.51,3245.59,DJ Islamic Market Titans
6/7/2016,3238.39,3238.67,3237.55,3238.65,DJ Islamic Market Titans
6/6/2016,3225.76,3226.14,3225.07,3225.48,DJ Islamic Market Titans
6/5/2016,3205.88,3205.88,3204.76,3205.88,DJ Islamic Market Titans
6/3/2016,3207.21,3212.34,3193.64,3207.21,DJ Islamic Market Titans
6/2/2016,3200.2,3201.84,3200.2,3201.09,DJ Islamic Market Titans
6/1/2016,3199.73,3200.29,3199.25,3199.3,DJ Islamic Market Titans
5/31/2016,3203.2,3203.38,3202.52,3202.92,DJ Islamic Market Titans
5/30/2016,3213.85,3214.71,3213.72,3214.57,DJ Islamic Market Titans
5/29/2016,3210.47,3210.47,3209.46,3210.47,DJ Islamic Market Titans
5/27/2016,3211.93,3211.93,3211.93,3211.93,DJ Islamic Market Titans
5/26/2016,3201.46,3202.08,3201.19,3201.79,DJ Islamic Market Titans
5/25/2016,3196.12,3197.41,3196.06,3197.34,DJ Islamic Market Titans
5/24/2016,3168.11,3169.41,3168.07,3169.13,DJ Islamic Market Titans
5/23/2016,3126.96,3127.03,3126.45,3126.7,DJ Islamic Market Titans
5/22/2016,3132.26,3132.26,3132.26,3132.26,DJ Islamic Market Titans
5/20/2016,3132.46,3140.35,3132.46,3132.46,DJ Islamic Market Titans
5/19/2016,3112.02,3112.43,3111.7,3111.8,DJ Islamic Market Titans
5/18/2016,3134.37,3134.94,3133.94,3134.35,DJ Islamic Market Titans
5/17/2016,3139.17,3139.47,3138.4,3138.56,DJ Islamic Market Titans
5/16/2016,3163.48,3163.94,3163.15,3163.28,DJ Islamic Market Titans
5/15/2016,3131.74,3131.74,3131.74,3131.74,DJ Islamic Market Titans
5/13/2016,3130.87,3151.59,3129.02,3130.87,DJ Islamic Market Titans
5/12/2016,3150.72,3150.72,3148.9,3149.02,DJ Islamic Market Titans
5/11/2016,3158.07,3158.41,3157.14,3157.82,DJ Islamic Market Titans
5/10/2016,3181.48,3183.1,3181.42,3182.11,DJ Islamic Market Titans
5/9/2016,3149.79,3149.83,3148.97,3149.42,DJ Islamic Market Titans
5/8/2016,3142.47,3142.47,3141.82,3142.47,DJ Islamic Market Titans
5/6/2016,3143.94,3143.94,3123.97,3143.94,DJ Islamic Market Titans
5/5/2016,3140.28,3140.5,3139.07,3139.07,DJ Islamic Market Titans
5/4/2016,3139.52,3139.52,3138.43,3138.64,DJ Islamic Market Titans
5/3/2016,3164.45,3164.61,3163.23,3163.57,DJ Islamic Market Titans
5/2/2016,3190.21,3191.17,3189.74,3191.1,DJ Islamic Market Titans
5/1/2016,3176.32,3176.32,3170.96,3176.32,DJ Islamic Market Titans
4/29/2016,3176.39,3201.61,3162.11,3176.39,DJ Islamic Market Titans
4/28/2016,3199.52,3200.18,3199.31,3200.18,DJ Islamic Market Titans
4/27/2016,3217.43,3218.39,3217.19,3217.65,DJ Islamic Market Titans
4/26/2016,3223.53,3223.57,3222.52,3222.75,DJ Islamic Market Titans
4/25/2016,3233.14,3233.62,3232.54,3233.07,DJ Islamic Market Titans
4/24/2016,3240.22,3240.45,3240.22,3240.22,DJ Islamic Market Titans
4/22/2016,3240.11,3240.11,3225.68,3240.11,DJ Islamic Market Titans
4/21/2016,3264.36,3266.55,3264.29,3265.81,DJ Islamic Market Titans
4/20/2016,3265.52,3267.21,3265.01,3265.85,DJ Islamic Market Titans
4/19/2016,3271.95,3273.27,3271.85,3272.92,DJ Islamic Market Titans
4/18/2016,3250.21,3254.93,3250.21,3254.8,DJ Islamic Market Titans
4/17/2016,3236.62,3236.62,3236.62,3236.62,DJ Islamic Market Titans
4/15/2016,3236.65,3241.76,3231.98,3236.65,DJ Islamic Market Titans
4/14/2016,3239.75,3239.95,3238.59,3238.94,DJ Islamic Market Titans
4/13/2016,3229.88,3230.5,3229.47,3229.88,DJ Islamic Market Titans
4/12/2016,3199.22,3200.84,3199.05,3199.96,DJ Islamic Market Titans
4/11/2016,3170.61,3172.1,3170.51,3171.72,DJ Islamic Market Titans
4/10/2016,3178.9,3178.9,3178.9,3178.9,DJ Islamic Market Titans
4/8/2016,3179.06,3192.22,3179.06,3179.06,DJ Islamic Market Titans
4/7/2016,3166.22,3166.23,3164.59,3165.28,DJ Islamic Market Titans
4/6/2016,3190.99,3192.86,3190.44,3192.78,DJ Islamic Market Titans
4/5/2016,3149.34,3150.24,3149.25,3149.76,DJ Islamic Market Titans
4/4/2016,3176.26,3176.54,3175.08,3175.47,DJ Islamic Market Titans
4/3/2016,3172.3,3172.3,3172.3,3172.3,DJ Islamic Market Titans
4/1/2016,3169.58,3175.26,3132.23,3169.58,DJ Islamic Market Titans
3/31/2016,3167.39,3167.43,3164.66,3165.05,DJ Islamic Market Titans
3/30/2016,3177.94,3179.81,3177.85,3178.85,DJ Islamic Market Titans
3/29/2016,3157.9,3158.32,3157.17,3157.44,DJ Islamic Market Titans
3/28/2016,3126.66,3127.11,3124.94,3125.01,DJ Islamic Market Titans
3/27/2016,3126.03,3126.03,3126.03,3126.03,DJ Islamic Market Titans
3/25/2016,3125.83,3126.31,3125.83,3125.83,DJ Islamic Market Titans
3/24/2016,3125.59,3125.91,3124.37,3125.7,DJ Islamic Market Titans
3/23/2016,3132.91,3132.96,3131.43,3131.7,DJ Islamic Market Titans
3/22/2016,3149.06,3149.67,3148.5,3148.58,DJ Islamic Market Titans
3/21/2016,3147.46,3150.51,3147.24,3150.49,DJ Islamic Market Titans
3/20/2016,3142.4,3142.4,3142.4,3142.4,DJ Islamic Market Titans
3/18/2016,3143.77,3146.33,3132.63,3143.77,DJ Islamic Market Titans
3/17/2016,3136.93,3137.89,3135.19,3135.49,DJ Islamic Market Titans
3/16/2016,3121.04,3123.19,3121.04,3123.08,DJ Islamic Market Titans
3/15/2016,3101.25,3101.28,3100,3100.44,DJ Islamic Market Titans
3/14/2016,3109.16,3109.18,3108.14,3108.31,DJ Islamic Market Titans
3/13/2016,3107.27,3107.27,3107.27,3107.27,DJ Islamic Market Titans
3/11/2016,3107.09,3107.09,3107.09,3107.09,DJ Islamic Market Titans
3/10/2016,3065.5,3065.88,3063.19,3064.07,DJ Islamic Market Titans
3/9/2016,3068.16,3069.01,3067.35,3068.72,DJ Islamic Market Titans
3/8/2016,3054.67,3054.67,3049.99,3050.9,DJ Islamic Market Titans
3/7/2016,3076.31,3077.02,3073.28,3073.4,DJ Islamic Market Titans
3/6/2016,3073.85,3073.85,3073.85,3073.85,DJ Islamic Market Titans
3/4/2016,3073.96,3082.93,3058.24,3073.96,DJ Islamic Market Titans
3/3/2016,3060.85,3061.07,3059.64,3060.37,DJ Islamic Market Titans
3/2/2016,3065.53,3066.98,3065.13,3066.68,DJ Islamic Market Titans
3/1/2016,3049.22,3056.37,3049.2,3055.81,DJ Islamic Market Titans
2/29/2016,2986.17,2986.88,2985.11,2986.13,DJ Islamic Market Titans
2/28/2016,3009.18,3009.18,3009.18,3009.18,DJ Islamic Market Titans
2/26/2016,3009.1,3039.79,3007.54,3009.1,DJ Islamic Market Titans
2/25/2016,3015.93,3020.25,3015.29,3019.84,DJ Islamic Market Titans
2/24/2016,2984.41,2984.96,2983.84,2984.2,DJ Islamic Market Titans
2/23/2016,2987.11,2987.46,2984.45,2984.98,DJ Islamic Market Titans
2/22/2016,3027.86,3029.97,3027.83,3028.95,DJ Islamic Market Titans
2/21/2016,2997.06,2997.06,2996.08,2997.06,DJ Islamic Market Titans
2/19/2016,2995.83,2995.83,2977.37,2995.83,DJ Islamic Market Titans
2/18/2016,2998.54,2998.77,2996.53,2996.6,DJ Islamic Market Titans
2/17/2016,3008.95,3014.69,3008.31,3014.04,DJ Islamic Market Titans
2/16/2016,2962.65,2962.81,2960.04,2961.9,DJ Islamic Market Titans
2/15/2016,2936.06,2936.94,2934.8,2936.61,DJ Islamic Market Titans
2/14/2016,2914.35,2914.35,2914.32,2914.35,DJ Islamic Market Titans
2/12/2016,2914.52,2915.46,2914.52,2914.52,DJ Islamic Market Titans
2/11/2016,2881.37,2881.74,2873.62,2875.73,DJ Islamic Market Titans
2/10/2016,2912.88,2915.75,2912.01,2912.14,DJ Islamic Market Titans
2/9/2016,2903.08,2903.13,2899.57,2901.33,DJ Islamic Market Titans
2/8/2016,2913.51,2913.53,2908.43,2909.2,DJ Islamic Market Titans
2/7/2016,2935.17,2935.17,2935.17,2935.17,DJ Islamic Market Titans
2/5/2016,2934.67,2992.86,2925.29,2934.67,DJ Islamic Market Titans
2/4/2016,2991.04,2991.59,2989,2990.02,DJ Islamic Market Titans
2/3/2016,2994.24,2995.24,2993.59,2994.98,DJ Islamic Market Titans
2/2/2016,2989.49,2989.67,2984.41,2984.96,DJ Islamic Market Titans
2/1/2016,3033.93,3034.4,3032.87,3033.21,DJ Islamic Market Titans
1/31/2016,3026.82,3026.82,3026.82,3026.82,DJ Islamic Market Titans
1/29/2016,3026.25,3027.69,3026.25,3026.25,DJ Islamic Market Titans
1/28/2016,2963.79,2964.05,2960.73,2961.48,DJ Islamic Market Titans
1/27/2016,2952.29,2953.22,2950.97,2952.82,DJ Islamic Market Titans
1/26/2016,2979.25,2983.26,2978.82,2982.83,DJ Islamic Market Titans
1/25/2016,2951.73,2951.78,2949.39,2949.44,DJ Islamic Market Titans
1/24/2016,2978.09,2978.09,2978.09,2978.09,DJ Islamic Market Titans
1/22/2016,2980.38,2983.32,2980.38,2980.38,DJ Islamic Market Titans
1/21/2016,2909.46,2914.51,2908.79,2914.31,DJ Islamic Market Titans
1/20/2016,2888.65,2891.29,2888.23,2890.78,DJ Islamic Market Titans
1/19/2016,2933.63,2933.78,2930.49,2930.99,DJ Islamic Market Titans
1/18/2016,2921.1,2922.19,2920.44,2922.08,DJ Islamic Market Titans
1/17/2016,2924.4,2924.4,2924.4,2924.4,DJ Islamic Market Titans
1/15/2016,2926.52,2926.52,2901.64,2926.52,DJ Islamic Market Titans
1/14/2016,2986.34,2989.18,2986.34,2988.48,DJ Islamic Market Titans
1/13/2016,2949.65,2949.75,2943.04,2943.28,DJ Islamic Market Titans
1/12/2016,2991.15,2995.07,2990.81,2995.05,DJ Islamic Market Titans
1/11/2016,2965.96,2966.02,2963.21,2964.44,DJ Islamic Market Titans
1/10/2016,2977.42,2977.42,2977.42,2977.42,DJ Islamic Market Titans
1/8/2016,2976.08,3024.14,2973.21,2976.08,DJ Islamic Market Titans
1/7/2016,3010.29,3010.42,3008.15,3009.12,DJ Islamic Market Titans
1/6/2016,3078.5,3078.93,3076.48,3076.95,DJ Islamic Market Titans
1/5/2016,3115.43,3115.81,3113.5,3114.25,DJ Islamic Market Titans
1/4/2016,3111.14,3111.43,3109.88,3111.3,DJ Islamic Market Titans
1/3/2016,3169.06,3169.13,3169.06,3169.06,DJ Islamic Market Titans
1/18/2018,60922.55,60922.55,60922.55,60922.55,S. Africa  FTSE JSE Africa All Share
1/17/2018,60649.6,61309.18,60434.59,60924.46,S. Africa  FTSE JSE Africa All Share
1/16/2018,60240.96,60706.97,60240.96,60649.6,S. Africa  FTSE JSE Africa All Share
1/15/2018,60083.13,60320.54,60032.71,60240.96,S. Africa  FTSE JSE Africa All Share
1/12/2018,59606.02,60083.13,59606.02,60083.13,S. Africa  FTSE JSE Africa All Share
1/11/2018,59979.63,59979.63,59356.89,59606.02,S. Africa  FTSE JSE Africa All Share
1/10/2018,60113.65,60182.7,59689.21,59979.63,S. Africa  FTSE JSE Africa All Share
1/9/2018,60038.39,60206.59,59888.4,60113.65,S. Africa  FTSE JSE Africa All Share
1/8/2018,59717.2,60082.44,59604.1,60038.39,S. Africa  FTSE JSE Africa All Share
1/5/2018,59476.77,59835.12,59263.93,59717.2,S. Africa  FTSE JSE Africa All Share
1/4/2018,59629.64,59820.59,59027.01,59476.77,S. Africa  FTSE JSE Africa All Share
1/3/2018,59731.16,60150.69,59008.78,59629.64,S. Africa  FTSE JSE Africa All Share
1/2/2018,59504.67,59790.28,59308.36,59731.16,S. Africa  FTSE JSE Africa All Share
12/29/2017,58952.89,59504.67,58817.11,59504.67,S. Africa  FTSE JSE Africa All Share
12/28/2017,58844.01,59020.93,58505.98,58952.89,S. Africa  FTSE JSE Africa All Share
12/27/2017,58800.23,58844.01,58398.94,58844.01,S. Africa  FTSE JSE Africa All Share
12/22/2017,58771.79,58981.96,58476.04,58800.23,S. Africa  FTSE JSE Africa All Share
12/21/2017,58032.09,59028.84,58032.09,58771.79,S. Africa  FTSE JSE Africa All Share
12/20/2017,58170.44,58473.92,58032.09,58032.09,S. Africa  FTSE JSE Africa All Share
12/19/2017,57707.42,58675.54,57620,58170.44,S. Africa  FTSE JSE Africa All Share
12/18/2017,57412.76,57998.02,57225.9,57707.42,S. Africa  FTSE JSE Africa All Share
12/15/2017,57845.57,57845.57,57236.97,57412.76,S. Africa  FTSE JSE Africa All Share
12/14/2017,57344.41,57845.57,57257.61,57845.57,S. Africa  FTSE JSE Africa All Share
12/13/2017,57523.62,57695.54,57152.27,57344.41,S. Africa  FTSE JSE Africa All Share
12/12/2017,57997.33,57997.33,57315.02,57523.62,S. Africa  FTSE JSE Africa All Share
12/11/2017,58012.31,58209.43,57791.25,57997.33,S. Africa  FTSE JSE Africa All Share
12/8/2017,58013.18,58441.15,57825.85,58012.31,S. Africa  FTSE JSE Africa All Share
12/7/2017,58010.18,58098.66,57751.85,58013.18,S. Africa  FTSE JSE Africa All Share
12/6/2017,58977.23,58977.23,57860.88,58010.18,S. Africa  FTSE JSE Africa All Share
12/5/2017,59607.34,59607.34,58747.12,58977.23,S. Africa  FTSE JSE Africa All Share
12/4/2017,59449.38,59998.05,59395.83,59607.34,S. Africa  FTSE JSE Africa All Share
12/1/2017,59772.83,59782.21,59337.58,59449.38,S. Africa  FTSE JSE Africa All Share
11/30/2017,60418.39,60418.39,59772.83,59772.83,S. Africa  FTSE JSE Africa All Share
11/29/2017,60082.79,60528.43,59954.35,60418.39,S. Africa  FTSE JSE Africa All Share
11/28/2017,60157.56,60340.58,59891.94,60082.79,S. Africa  FTSE JSE Africa All Share
11/27/2017,60323.95,60497.17,60079.92,60157.56,S. Africa  FTSE JSE Africa All Share
11/24/2017,60298.16,60554.93,60264.14,60323.95,S. Africa  FTSE JSE Africa All Share
11/23/2017,60751.18,60848.09,60254.85,60298.16,S. Africa  FTSE JSE Africa All Share
11/22/2017,61211.52,61211.52,60699.49,60751.18,S. Africa  FTSE JSE Africa All Share
11/21/2017,60500.61,61298.6,60500.61,61211.52,S. Africa  FTSE JSE Africa All Share
11/20/2017,60128.41,60528.93,60128.41,60500.61,S. Africa  FTSE JSE Africa All Share
11/17/2017,59549.22,60183.49,59549.22,60128.41,S. Africa  FTSE JSE Africa All Share
11/16/2017,59185.21,59688.73,59185.21,59549.22,S. Africa  FTSE JSE Africa All Share
11/15/2017,59518.9,59671.39,59185.21,59185.21,S. Africa  FTSE JSE Africa All Share
11/14/2017,59821.49,59952.88,59501.81,59518.9,S. Africa  FTSE JSE Africa All Share
11/13/2017,59776.12,60150.04,59762.35,59821.49,S. Africa  FTSE JSE Africa All Share
11/10/2017,59862.11,60142.35,59776.12,59776.12,S. Africa  FTSE JSE Africa All Share
11/9/2017,60078.03,60270.95,59790.95,59862.11,S. Africa  FTSE JSE Africa All Share
11/8/2017,60182.6,60203.43,59935.36,60078.03,S. Africa  FTSE JSE Africa All Share
11/7/2017,59975.67,60589.77,59975.67,60182.6,S. Africa  FTSE JSE Africa All Share
11/6/2017,59638.21,60140.33,59638.21,59975.67,S. Africa  FTSE JSE Africa All Share
11/3/2017,59331.2,59760.45,59331.2,59638.21,S. Africa  FTSE JSE Africa All Share
11/2/2017,59514.11,59517.01,59296.79,59331.2,S. Africa  FTSE JSE Africa All Share
11/1/2017,58980.11,59787.12,58980.11,59514.11,S. Africa  FTSE JSE Africa All Share
10/31/2017,58879.14,59038.37,58801.72,58980.11,S. Africa  FTSE JSE Africa All Share
10/30/2017,58714.04,58974.81,58649.86,58879.14,S. Africa  FTSE JSE Africa All Share
10/27/2017,58576.29,58825.63,58466.98,58714.04,S. Africa  FTSE JSE Africa All Share
10/26/2017,58123.13,58866.95,58123.13,58576.29,S. Africa  FTSE JSE Africa All Share
10/25/2017,57904.72,58302.34,57870.19,58123.13,S. Africa  FTSE JSE Africa All Share
10/24/2017,57999.6,58048.46,57761.85,57904.72,S. Africa  FTSE JSE Africa All Share
10/23/2017,57948.66,58204.16,57914.74,57999.6,S. Africa  FTSE JSE Africa All Share
10/20/2017,57896.83,58262.02,57896.83,57948.66,S. Africa  FTSE JSE Africa All Share
10/19/2017,58152.41,58152.41,57681.26,57896.83,S. Africa  FTSE JSE Africa All Share
10/18/2017,57882.67,58197.65,57668.12,58152.41,S. Africa  FTSE JSE Africa All Share
10/17/2017,58163.56,58204.66,57796.71,57882.67,S. Africa  FTSE JSE Africa All Share
10/16/2017,57876.6,58372.15,57876.6,58163.56,S. Africa  FTSE JSE Africa All Share
10/13/2017,57747.34,57920.52,57569.63,57876.6,S. Africa  FTSE JSE Africa All Share
10/12/2017,57770.73,57845.51,57614.98,57747.34,S. Africa  FTSE JSE Africa All Share
10/11/2017,57629.93,57827.74,57601.21,57770.73,S. Africa  FTSE JSE Africa All Share
10/10/2017,57530.11,57629.93,57472.36,57629.93,S. Africa  FTSE JSE Africa All Share
10/9/2017,57231.87,57750.97,57231.87,57530.11,S. Africa  FTSE JSE Africa All Share
10/6/2017,56999.79,57353.43,56999.79,57231.87,S. Africa  FTSE JSE Africa All Share
10/5/2017,56750.03,57061.26,56710.79,56999.79,S. Africa  FTSE JSE Africa All Share
10/4/2017,56358.26,56750.03,56358.26,56750.03,S. Africa  FTSE JSE Africa All Share
10/3/2017,55778.27,56455.18,55778.27,56358.26,S. Africa  FTSE JSE Africa All Share
10/2/2017,55579.92,56063.27,55579.92,55778.27,S. Africa  FTSE JSE Africa All Share
9/29/2017,54994.35,55677.52,54993.94,55579.92,S. Africa  FTSE JSE Africa All Share
9/28/2017,55214.07,55258.23,54941.64,54994.35,S. Africa  FTSE JSE Africa All Share
9/27/2017,55070.38,55333.46,55070.38,55214.07,S. Africa  FTSE JSE Africa All Share
9/26/2017,55839.73,55839.73,54894.11,55070.38,S. Africa  FTSE JSE Africa All Share
9/22/2017,55867.34,55903.18,55544.75,55839.73,S. Africa  FTSE JSE Africa All Share
9/21/2017,55867.46,56072.2,55703.42,55867.34,S. Africa  FTSE JSE Africa All Share
9/20/2017,56011.16,55867.46,55867.46,55867.46,S. Africa  FTSE JSE Africa All Share
9/19/2017,56050.1,56144.13,55714.71,56011.16,S. Africa  FTSE JSE Africa All Share
9/18/2017,55645.15,56209.57,55645.15,56050.1,S. Africa  FTSE JSE Africa All Share
9/15/2017,55850.32,55856.11,55526.14,55645.15,S. Africa  FTSE JSE Africa All Share
9/14/2017,56152.54,56152.54,55658.37,55850.32,S. Africa  FTSE JSE Africa All Share
9/13/2017,56366.16,56426.27,56152.54,56152.54,S. Africa  FTSE JSE Africa All Share
9/12/2017,56008.77,56484.73,56008.77,56366.16,S. Africa  FTSE JSE Africa All Share
9/11/2017,55724.67,56107.77,55724.67,56008.77,S. Africa  FTSE JSE Africa All Share
9/8/2017,55878.19,55911.45,55626.66,55724.67,S. Africa  FTSE JSE Africa All Share
9/7/2017,55480.2,55927.91,55149.41,55878.19,S. Africa  FTSE JSE Africa All Share
9/6/2017,56144.8,56144.8,55426.79,55480.2,S. Africa  FTSE JSE Africa All Share
9/5/2017,56312.85,56377.6,56144.8,56144.8,S. Africa  FTSE JSE Africa All Share
9/4/2017,56513.46,56520.8,56159.39,56312.85,S. Africa  FTSE JSE Africa All Share
9/1/2017,56522.11,56655.09,56433.36,56513.46,S. Africa  FTSE JSE Africa All Share
8/31/2017,56168,56538.3,56168,56522.11,S. Africa  FTSE JSE Africa All Share
8/30/2017,56409.62,56711.27,56144.32,56168,S. Africa  FTSE JSE Africa All Share
8/29/2017,56555.62,56555.62,56066.78,56409.62,S. Africa  FTSE JSE Africa All Share
8/28/2017,56655.88,56695.91,56436.9,56555.62,S. Africa  FTSE JSE Africa All Share
8/25/2017,56588.99,56896.89,56474.08,56655.88,S. Africa  FTSE JSE Africa All Share
8/24/2017,56162.3,56713.97,56162.3,56588.99,S. Africa  FTSE JSE Africa All Share
8/23/2017,56033.96,56326.03,55918.08,56162.3,S. Africa  FTSE JSE Africa All Share
8/22/2017,55450.53,56071.9,55450.53,56033.96,S. Africa  FTSE JSE Africa All Share
8/21/2017,55304.23,55640.07,55304.23,55450.53,S. Africa  FTSE JSE Africa All Share
8/18/2017,55415.27,55477.79,55193.09,55304.23,S. Africa  FTSE JSE Africa All Share
8/17/2017,55534.6,55807.29,55315,55415.27,S. Africa  FTSE JSE Africa All Share
8/16/2017,54983.32,55631.97,54983.32,55534.6,S. Africa  FTSE JSE Africa All Share
8/15/2017,55465.65,55497.64,54983.32,54983.32,S. Africa  FTSE JSE Africa All Share
8/14/2017,55155.13,55663.28,55155.13,55465.65,S. Africa  FTSE JSE Africa All Share
8/11/2017,55700.64,55700.64,55022.98,55155.13,S. Africa  FTSE JSE Africa All Share
8/10/2017,55980.05,56175.95,55563.71,55700.64,S. Africa  FTSE JSE Africa All Share
8/8/2017,56163.6,56342.27,55899.46,55980.05,S. Africa  FTSE JSE Africa All Share
8/7/2017,55944.83,56396.24,55944.83,56163.6,S. Africa  FTSE JSE Africa All Share
8/4/2017,55685.01,55944.83,55944.83,55944.83,S. Africa  FTSE JSE Africa All Share
8/3/2017,55200.49,55687.82,55200.49,55685.01,S. Africa  FTSE JSE Africa All Share
8/2/2017,55390.07,55554.23,55151.46,55200.49,S. Africa  FTSE JSE Africa All Share
8/1/2017,55207.41,55392.19,55082.91,55390.07,S. Africa  FTSE JSE Africa All Share
7/31/2017,54883.21,55366.74,54883.21,55207.41,S. Africa  FTSE JSE Africa All Share
7/28/2017,54888.89,54933.88,54520.6,54883.21,S. Africa  FTSE JSE Africa All Share
7/27/2017,54836.19,55222.81,54794.03,54888.89,S. Africa  FTSE JSE Africa All Share
7/26/2017,54499.11,54914.02,54424.46,54836.19,S. Africa  FTSE JSE Africa All Share
7/25/2017,54368.62,54802.03,54368.62,54499.11,S. Africa  FTSE JSE Africa All Share
7/24/2017,54162.71,54579.55,54162.71,54368.62,S. Africa  FTSE JSE Africa All Share
7/21/2017,54287.32,54679.87,54112.14,54162.71,S. Africa  FTSE JSE Africa All Share
7/20/2017,54091.11,54499.2,54087.95,54287.32,S. Africa  FTSE JSE Africa All Share
7/19/2017,53261.64,54123.02,53261.64,54091.11,S. Africa  FTSE JSE Africa All Share
7/18/2017,53827.41,53827.41,53237.27,53261.64,S. Africa  FTSE JSE Africa All Share
7/17/2017,53597.96,53827.41,53521.64,53827.41,S. Africa  FTSE JSE Africa All Share
7/14/2017,53300.96,53597.96,53191.08,53597.96,S. Africa  FTSE JSE Africa All Share
7/13/2017,52905.98,53300.96,52905.98,53300.96,S. Africa  FTSE JSE Africa All Share
7/12/2017,52376.38,52976.43,52376.38,52905.98,S. Africa  FTSE JSE Africa All Share
7/11/2017,52187.92,52748.15,52187.92,52376.38,S. Africa  FTSE JSE Africa All Share
7/10/2017,51900.26,52187.92,51782.91,52187.92,S. Africa  FTSE JSE Africa All Share
7/7/2017,52285.08,52285.08,51725.48,51900.26,S. Africa  FTSE JSE Africa All Share
7/6/2017,52483.9,52719.61,52189.15,52285.08,S. Africa  FTSE JSE Africa All Share
7/5/2017,52049.25,52508.77,51936.27,52483.9,S. Africa  FTSE JSE Africa All Share
7/4/2017,52163.8,52174.99,51734.57,52049.25,S. Africa  FTSE JSE Africa All Share
7/3/2017,51611.01,52163.8,51491.8,52163.8,S. Africa  FTSE JSE Africa All Share
6/30/2017,51355.97,51721.49,51146.01,51611.01,S. Africa  FTSE JSE Africa All Share
6/29/2017,51596.84,51963.66,51066.13,51355.97,S. Africa  FTSE JSE Africa All Share
6/28/2017,51432.24,51628.48,51296.22,51596.84,S. Africa  FTSE JSE Africa All Share
6/27/2017,51288.71,51628.46,51267.01,51432.24,S. Africa  FTSE JSE Africa All Share
6/26/2017,51503.52,51697.1,51288.71,51288.71,S. Africa  FTSE JSE Africa All Share
6/23/2017,51072.86,51572.75,50982.68,51503.52,S. Africa  FTSE JSE Africa All Share
6/22/2017,51402.69,51402.69,50795,51072.86,S. Africa  FTSE JSE Africa All Share
6/21/2017,51160.57,51402.69,50803.87,51402.69,S. Africa  FTSE JSE Africa All Share
6/20/2017,51615.9,51642.61,51150.76,51160.57,S. Africa  FTSE JSE Africa All Share
6/19/2017,50831.89,51615.9,50831.89,51615.9,S. Africa  FTSE JSE Africa All Share
6/15/2017,51489.16,51489.16,50749.68,50831.89,S. Africa  FTSE JSE Africa All Share
6/14/2017,51625.07,51971.17,51489.16,51489.16,S. Africa  FTSE JSE Africa All Share
6/13/2017,51564,51625.07,51625.07,51625.07,S. Africa  FTSE JSE Africa All Share
6/12/2017,52216.93,52216.93,51523.88,51564,S. Africa  FTSE JSE Africa All Share
6/9/2017,51958.52,52302.93,51947.96,52216.93,S. Africa  FTSE JSE Africa All Share
6/8/2017,52117.82,52221.53,51787.89,51958.52,S. Africa  FTSE JSE Africa All Share
6/7/2017,52251.87,52450.05,52117.82,52117.82,S. Africa  FTSE JSE Africa All Share
6/6/2017,52870.12,52870.12,52251.87,52251.87,S. Africa  FTSE JSE Africa All Share
6/5/2017,52889.7,53052.25,52585.84,52870.12,S. Africa  FTSE JSE Africa All Share
6/2/2017,52840.68,53169.75,52639.42,52889.7,S. Africa  FTSE JSE Africa All Share
6/1/2017,53562.57,53562.57,52837.9,52840.68,S. Africa  FTSE JSE Africa All Share
5/31/2017,54158.04,54158.04,53394.35,53562.57,S. Africa  FTSE JSE Africa All Share
5/30/2017,53944.22,54190.95,53828.24,54158.04,S. Africa  FTSE JSE Africa All Share
5/29/2017,53996.14,53996.14,53806.47,53944.22,S. Africa  FTSE JSE Africa All Share
5/26/2017,54028.39,54081.55,53751.4,53996.14,S. Africa  FTSE JSE Africa All Share
5/25/2017,54308.67,54432.6,54017.03,54028.39,S. Africa  FTSE JSE Africa All Share
5/24/2017,54548.91,54548.91,54080.18,54308.67,S. Africa  FTSE JSE Africa All Share
5/23/2017,54517.06,54716.53,54437.72,54548.91,S. Africa  FTSE JSE Africa All Share
5/22/2017,54427.3,54666.17,54347.53,54517.06,S. Africa  FTSE JSE Africa All Share
5/19/2017,54197.12,54486.91,54156.08,54427.3,S. Africa  FTSE JSE Africa All Share
5/18/2017,54001.94,54329.14,53955.69,54197.12,S. Africa  FTSE JSE Africa All Share
5/17/2017,54023.12,54296.05,53817.64,54001.94,S. Africa  FTSE JSE Africa All Share
5/16/2017,54052.18,54200.41,53791.78,54023.12,S. Africa  FTSE JSE Africa All Share
5/15/2017,54063.34,54254.37,53767.13,54052.18,S. Africa  FTSE JSE Africa All Share
5/12/2017,54114,54114,53896.61,54063.34,S. Africa  FTSE JSE Africa All Share
5/11/2017,54254.35,54444.63,53913.32,54114,S. Africa  FTSE JSE Africa All Share
5/10/2017,54172.76,54391.04,54117.04,54254.35,S. Africa  FTSE JSE Africa All Share
5/9/2017,53696.37,54286.88,53696.37,54172.76,S. Africa  FTSE JSE Africa All Share
5/8/2017,53579.01,53728.63,53442.03,53696.37,S. Africa  FTSE JSE Africa All Share
5/5/2017,53406.31,53760.28,53293.46,53579.01,S. Africa  FTSE JSE Africa All Share
5/4/2017,53586.63,53673.58,53286.61,53406.31,S. Africa  FTSE JSE Africa All Share
5/3/2017,53915.64,54157.53,53481.45,53586.63,S. Africa  FTSE JSE Africa All Share
5/2/2017,53817.31,54103.39,53817.31,53915.64,S. Africa  FTSE JSE Africa All Share
4/28/2017,53680.69,53985.99,53587.11,53817.31,S. Africa  FTSE JSE Africa All Share
4/26/2017,53257.44,53680.69,53232.07,53680.69,S. Africa  FTSE JSE Africa All Share
4/25/2017,52921.41,53257.44,53257.44,53257.44,S. Africa  FTSE JSE Africa All Share
4/24/2017,52194.59,52921.41,52921.41,52921.41,S. Africa  FTSE JSE Africa All Share
4/21/2017,52496.62,52644.8,52162.69,52194.59,S. Africa  FTSE JSE Africa All Share
4/20/2017,52545.12,52560.48,52196.34,52496.62,S. Africa  FTSE JSE Africa All Share
4/19/2017,52672.75,52944.61,52539.22,52545.12,S. Africa  FTSE JSE Africa All Share
4/18/2017,53510.22,53510.22,52635.68,52672.75,S. Africa  FTSE JSE Africa All Share
4/13/2017,53551.31,53551.31,53331.2,53510.22,S. Africa  FTSE JSE Africa All Share
4/12/2017,53535.16,54002.95,53432.45,53551.31,S. Africa  FTSE JSE Africa All Share
4/11/2017,53139.96,53535.16,53535.16,53535.16,S. Africa  FTSE JSE Africa All Share
4/10/2017,52853.36,53227.76,52853.36,53139.96,S. Africa  FTSE JSE Africa All Share
4/7/2017,52918.42,52918.42,52416.97,52853.36,S. Africa  FTSE JSE Africa All Share
4/6/2017,52990.08,52990.08,52530.01,52918.42,S. Africa  FTSE JSE Africa All Share
4/5/2017,52660.74,53062.48,52660.74,52990.08,S. Africa  FTSE JSE Africa All Share
4/4/2017,52457.76,53050.21,52457.76,52660.74,S. Africa  FTSE JSE Africa All Share
4/3/2017,52056.06,52565.7,52056.06,52457.76,S. Africa  FTSE JSE Africa All Share
3/31/2017,52261.18,52625.83,52000.89,52056.06,S. Africa  FTSE JSE Africa All Share
3/30/2017,52444.78,52480.8,52038.42,52261.18,S. Africa  FTSE JSE Africa All Share
3/29/2017,52309.23,52551.7,52062.53,52444.78,S. Africa  FTSE JSE Africa All Share
3/28/2017,51724.92,52309.23,51724.92,52309.23,S. Africa  FTSE JSE Africa All Share
3/27/2017,51816.31,51816.31,51278.28,51724.92,S. Africa  FTSE JSE Africa All Share
3/24/2017,52027.98,52117.42,51759.69,51816.31,S. Africa  FTSE JSE Africa All Share
3/23/2017,52096.71,52195.33,51865.82,52027.98,S. Africa  FTSE JSE Africa All Share
3/22/2017,52753.56,52753.56,51776.16,52096.71,S. Africa  FTSE JSE Africa All Share
3/20/2017,52550.99,52866.34,52487.05,52753.56,S. Africa  FTSE JSE Africa All Share
3/17/2017,52748.97,52748.97,52442.04,52550.99,S. Africa  FTSE JSE Africa All Share
3/16/2017,51701.6,52748.97,52748.97,52748.97,S. Africa  FTSE JSE Africa All Share
3/15/2017,51699.46,51863.87,51576.51,51701.6,S. Africa  FTSE JSE Africa All Share
3/14/2017,51855.38,52057.66,51601.34,51699.46,S. Africa  FTSE JSE Africa All Share
3/13/2017,51269.54,51855.38,51269.54,51855.38,S. Africa  FTSE JSE Africa All Share
3/10/2017,50910.71,51384.17,50910.71,51269.54,S. Africa  FTSE JSE Africa All Share
3/9/2017,51299.99,51299.99,50737.28,50910.71,S. Africa  FTSE JSE Africa All Share
3/8/2017,51377.78,51474.33,51162.52,51299.99,S. Africa  FTSE JSE Africa All Share
3/7/2017,51498.14,51615.85,51318.97,51377.78,S. Africa  FTSE JSE Africa All Share
3/6/2017,51708.61,51805.75,51426.59,51498.14,S. Africa  FTSE JSE Africa All Share
3/3/2017,51893.19,51893.19,51326.32,51708.61,S. Africa  FTSE JSE Africa All Share
3/2/2017,51682.19,52009.14,51682.19,51893.19,S. Africa  FTSE JSE Africa All Share
3/1/2017,51146.05,51690.13,51015.41,51682.19,S. Africa  FTSE JSE Africa All Share
2/28/2017,51497.16,51563.16,51146.05,51146.05,S. Africa  FTSE JSE Africa All Share
2/27/2017,51609.86,51806.13,51354.54,51497.16,S. Africa  FTSE JSE Africa All Share
2/24/2017,52183.1,52183.1,51531.56,51609.86,S. Africa  FTSE JSE Africa All Share
2/23/2017,52088.56,52354.36,51640.16,52183.1,S. Africa  FTSE JSE Africa All Share
2/22/2017,52586.61,52744.94,51939.2,52088.56,S. Africa  FTSE JSE Africa All Share
2/21/2017,52558.61,52700.01,52286.24,52586.61,S. Africa  FTSE JSE Africa All Share
2/20/2017,52223.54,52691.66,52223.54,52558.61,S. Africa  FTSE JSE Africa All Share
2/17/2017,52586.37,52586.37,52212.69,52223.54,S. Africa  FTSE JSE Africa All Share
2/16/2017,52485.16,52642.1,52264.66,52586.37,S. Africa  FTSE JSE Africa All Share
2/15/2017,52465.64,52686.88,52323.55,52485.16,S. Africa  FTSE JSE Africa All Share
2/14/2017,52956.71,52956.71,52332.66,52465.64,S. Africa  FTSE JSE Africa All Share
2/13/2017,52687.29,53119.41,52687.29,52956.71,S. Africa  FTSE JSE Africa All Share
2/10/2017,51904.34,52687.29,51904.34,52687.29,S. Africa  FTSE JSE Africa All Share
2/9/2017,51803.48,52225.81,51803.48,51904.34,S. Africa  FTSE JSE Africa All Share
2/8/2017,52181.91,52182.85,51706.02,51803.48,S. Africa  FTSE JSE Africa All Share
2/7/2017,52151.16,52181.91,51876.6,52181.91,S. Africa  FTSE JSE Africa All Share
2/6/2017,52265.16,52516.75,52113.79,52151.16,S. Africa  FTSE JSE Africa All Share
2/3/2017,52719.58,52719.58,52186.96,52265.16,S. Africa  FTSE JSE Africa All Share
2/2/2017,53104.12,53104.12,52646.27,52719.58,S. Africa  FTSE JSE Africa All Share
2/1/2017,52788.12,53287.26,52788.12,53104.12,S. Africa  FTSE JSE Africa All Share
1/31/2017,52660.94,52960.49,52373.03,52788.12,S. Africa  FTSE JSE Africa All Share
1/30/2017,52973.83,53017.91,52570.58,52660.94,S. Africa  FTSE JSE Africa All Share
1/27/2017,53405.74,53480.69,52843.29,52973.83,S. Africa  FTSE JSE Africa All Share
1/26/2017,53250.79,53569.74,53160.04,53405.74,S. Africa  FTSE JSE Africa All Share
1/25/2017,53342.04,53738.29,53243.72,53250.79,S. Africa  FTSE JSE Africa All Share
1/24/2017,53040.48,53342.04,53040.48,53342.04,S. Africa  FTSE JSE Africa All Share
1/23/2017,52532.26,53040.48,52470.54,53040.48,S. Africa  FTSE JSE Africa All Share
1/20/2017,52900.77,52900.77,52399.33,52532.26,S. Africa  FTSE JSE Africa All Share
1/19/2017,52933.28,53072.65,52778.35,52900.77,S. Africa  FTSE JSE Africa All Share
1/18/2017,52817.73,53149.05,52762.03,52933.28,S. Africa  FTSE JSE Africa All Share
1/17/2017,53158.54,53158.54,52732.56,52817.73,S. Africa  FTSE JSE Africa All Share
1/16/2017,52794.81,53188.77,52570.37,53158.54,S. Africa  FTSE JSE Africa All Share
1/13/2017,52444.36,52838.19,52430.3,52794.81,S. Africa  FTSE JSE Africa All Share
1/12/2017,52437.91,52837.16,52322.88,52444.36,S. Africa  FTSE JSE Africa All Share
1/11/2017,51740.17,52443.97,51662.46,52437.91,S. Africa  FTSE JSE Africa All Share
1/10/2017,51049.71,51787.55,51049.71,51740.17,S. Africa  FTSE JSE Africa All Share
1/9/2017,51216,51571.45,50990.91,51049.71,S. Africa  FTSE JSE Africa All Share
1/6/2017,50474.95,51280.84,50419.46,51216,S. Africa  FTSE JSE Africa All Share
1/5/2017,50760.24,51038.87,50338.3,50474.95,S. Africa  FTSE JSE Africa All Share
1/4/2017,51020.66,51021.92,50367.97,50760.24,S. Africa  FTSE JSE Africa All Share
1/3/2017,50653.54,51119.06,50653.54,51020.66,S. Africa  FTSE JSE Africa All Share
12/30/2016,50682.08,50812.52,50456.59,50653.54,S. Africa  FTSE JSE Africa All Share
12/29/2016,50322.72,50754.06,50322.6,50682.08,S. Africa  FTSE JSE Africa All Share
12/28/2016,49400.56,50322.72,50322.72,50322.72,S. Africa  FTSE JSE Africa All Share
12/23/2016,49833.77,49833.77,49340.38,49400.56,S. Africa  FTSE JSE Africa All Share
12/22/2016,50163.92,50203.07,49761.97,49833.77,S. Africa  FTSE JSE Africa All Share
12/21/2016,50343.24,50163.92,50163.92,50163.92,S. Africa  FTSE JSE Africa All Share
12/20/2016,49880.99,50410.75,49877.39,50343.24,S. Africa  FTSE JSE Africa All Share
12/19/2016,49691.31,50266.1,49691.31,49880.99,S. Africa  FTSE JSE Africa All Share
12/15/2016,50716.25,50716.25,49691.31,49691.31,S. Africa  FTSE JSE Africa All Share
12/14/2016,50839.25,51072.4,50583.88,50716.25,S. Africa  FTSE JSE Africa All Share
12/13/2016,50527.86,50839.25,50839.25,50839.25,S. Africa  FTSE JSE Africa All Share
12/12/2016,50899.92,51211.03,50432.01,50527.86,S. Africa  FTSE JSE Africa All Share
12/9/2016,50543.44,50900.39,50269.6,50899.92,S. Africa  FTSE JSE Africa All Share
12/8/2016,49476.06,50543.44,49476.06,50543.44,S. Africa  FTSE JSE Africa All Share
12/7/2016,48935.9,49548.19,48935.9,49476.06,S. Africa  FTSE JSE Africa All Share
12/6/2016,49713.56,49842.86,48935.9,48935.9,S. Africa  FTSE JSE Africa All Share
12/5/2016,49256.1,49876.45,49000.55,49713.56,S. Africa  FTSE JSE Africa All Share
12/2/2016,49927,49927,49054.41,49256.1,S. Africa  FTSE JSE Africa All Share
12/1/2016,50209.43,50471.51,49650.28,49927,S. Africa  FTSE JSE Africa All Share
11/30/2016,50157.28,50532.42,50052.11,50209.43,S. Africa  FTSE JSE Africa All Share
11/29/2016,50193.64,50642.07,50154.93,50157.28,S. Africa  FTSE JSE Africa All Share
11/28/2016,50696.1,50982.26,50193.64,50193.64,S. Africa  FTSE JSE Africa All Share
11/25/2016,50561.43,50696.1,50297.42,50696.1,S. Africa  FTSE JSE Africa All Share
11/24/2016,50616.43,50865.81,50417.34,50561.43,S. Africa  FTSE JSE Africa All Share
11/23/2016,51117.74,51374.22,50517.73,50616.43,S. Africa  FTSE JSE Africa All Share
11/22/2016,50596.52,51242.64,50596.52,51117.74,S. Africa  FTSE JSE Africa All Share
11/21/2016,50626.06,50886.43,50412.74,50596.52,S. Africa  FTSE JSE Africa All Share
11/18/2016,50617.57,50888.96,50533.3,50626.06,S. Africa  FTSE JSE Africa All Share
11/17/2016,50004.82,50617.57,49903.53,50617.57,S. Africa  FTSE JSE Africa All Share
11/16/2016,49430.21,50220.45,49430.21,50004.82,S. Africa  FTSE JSE Africa All Share
11/15/2016,49731.89,49943.06,49402.14,49430.21,S. Africa  FTSE JSE Africa All Share
11/14/2016,50294.72,50900.18,49731.89,49731.89,S. Africa  FTSE JSE Africa All Share
11/11/2016,51493,51493,50294.72,50294.72,S. Africa  FTSE JSE Africa All Share
11/10/2016,50977.85,51858.93,50977.85,51493,S. Africa  FTSE JSE Africa All Share
11/9/2016,50700.7,51017.77,49451.19,50977.85,S. Africa  FTSE JSE Africa All Share
11/8/2016,50303.77,50923.61,50303.77,50700.7,S. Africa  FTSE JSE Africa All Share
11/7/2016,49686.1,50339.42,49686.1,50303.77,S. Africa  FTSE JSE Africa All Share
11/4/2016,50239.27,50239.27,49610.9,49686.1,S. Africa  FTSE JSE Africa All Share
11/3/2016,50384.87,50384.87,50003.69,50239.27,S. Africa  FTSE JSE Africa All Share
11/2/2016,51002.69,51002.69,50211.69,50384.87,S. Africa  FTSE JSE Africa All Share
11/1/2016,50590.08,51037.84,50590.08,51002.69,S. Africa  FTSE JSE Africa All Share
10/31/2016,50797.7,50845.47,50532.6,50590.08,S. Africa  FTSE JSE Africa All Share
10/28/2016,51139.66,51139.66,50586.58,50797.7,S. Africa  FTSE JSE Africa All Share
10/27/2016,51552.32,51552.32,51065.17,51139.66,S. Africa  FTSE JSE Africa All Share
10/26/2016,51749.86,51749.86,51245.12,51552.32,S. Africa  FTSE JSE Africa All Share
10/25/2016,51683.39,51955.41,51577.62,51749.86,S. Africa  FTSE JSE Africa All Share
10/24/2016,51629.23,52095.05,51629.23,51683.39,S. Africa  FTSE JSE Africa All Share
10/21/2016,51420.66,51881.62,51420.66,51629.23,S. Africa  FTSE JSE Africa All Share
10/20/2016,51504.87,51755.5,51335.1,51420.66,S. Africa  FTSE JSE Africa All Share
10/19/2016,51126.79,51540.5,51109.28,51504.87,S. Africa  FTSE JSE Africa All Share
10/18/2016,50769.01,51363.09,50769.01,51126.79,S. Africa  FTSE JSE Africa All Share
10/17/2016,51146.78,51217.99,50732.34,50769.01,S. Africa  FTSE JSE Africa All Share
10/14/2016,50494.51,51326.32,50494.51,51146.78,S. Africa  FTSE JSE Africa All Share
10/13/2016,51548.13,51548.13,50460.75,50494.51,S. Africa  FTSE JSE Africa All Share
10/12/2016,51898.82,52084.86,51445.89,51548.13,S. Africa  FTSE JSE Africa All Share
10/11/2016,51675.51,52160.26,51675.51,51898.82,S. Africa  FTSE JSE Africa All Share
10/10/2016,51662.07,51812.79,51432.17,51675.51,S. Africa  FTSE JSE Africa All Share
10/7/2016,51610.78,51951.65,51359.15,51662.07,S. Africa  FTSE JSE Africa All Share
10/6/2016,51868.53,52142.6,51610.78,51610.78,S. Africa  FTSE JSE Africa All Share
10/5/2016,52040.85,52040.85,51647.56,51868.53,S. Africa  FTSE JSE Africa All Share
10/4/2016,51658.99,52224.23,51658.99,52040.85,S. Africa  FTSE JSE Africa All Share
10/3/2016,51949.83,52127.45,51658.99,51658.99,S. Africa  FTSE JSE Africa All Share
9/30/2016,52698.58,52698.58,51949.83,51949.83,S. Africa  FTSE JSE Africa All Share
9/29/2016,51773.5,52808.91,51773.5,52698.58,S. Africa  FTSE JSE Africa All Share
9/28/2016,50899.66,51920.47,50899.66,51773.5,S. Africa  FTSE JSE Africa All Share
9/27/2016,51479.8,51594.1,50899.66,50899.66,S. Africa  FTSE JSE Africa All Share
9/26/2016,51999.45,51999.45,51108.97,51479.8,S. Africa  FTSE JSE Africa All Share
9/23/2016,51895.18,52036.14,51609.97,51999.45,S. Africa  FTSE JSE Africa All Share
9/22/2016,50757.82,51895.18,50757.82,51895.18,S. Africa  FTSE JSE Africa All Share
9/21/2016,51335.75,51365.17,50757.82,50757.82,S. Africa  FTSE JSE Africa All Share
9/20/2016,51975.89,51975.89,51324.66,51335.75,S. Africa  FTSE JSE Africa All Share
9/19/2016,51832.55,52083.6,51776.05,51975.89,S. Africa  FTSE JSE Africa All Share
9/16/2016,52174.26,52317.81,51832.55,51832.55,S. Africa  FTSE JSE Africa All Share
9/15/2016,52501.97,52651.47,52026.47,52174.26,S. Africa  FTSE JSE Africa All Share
9/14/2016,52805.96,52805.96,52330.76,52501.97,S. Africa  FTSE JSE Africa All Share
9/13/2016,52802,53053,52679.35,52805.96,S. Africa  FTSE JSE Africa All Share
9/12/2016,53347.3,53347.3,52241.55,52802,S. Africa  FTSE JSE Africa All Share
9/9/2016,53250.25,53581.63,53250.25,53347.3,S. Africa  FTSE JSE Africa All Share
9/8/2016,53456.43,53456.43,53052.75,53250.25,S. Africa  FTSE JSE Africa All Share
9/7/2016,53680.43,53680.43,53311.9,53456.43,S. Africa  FTSE JSE Africa All Share
9/6/2016,53622,53731.12,53464.5,53680.43,S. Africa  FTSE JSE Africa All Share
9/5/2016,53500.07,53986.89,53463.49,53622,S. Africa  FTSE JSE Africa All Share
9/2/2016,52631.33,53500.07,52631.33,53500.07,S. Africa  FTSE JSE Africa All Share
9/1/2016,52733.12,52913.01,52570.32,52631.33,S. Africa  FTSE JSE Africa All Share
8/31/2016,53448.69,53448.69,52682.65,52733.12,S. Africa  FTSE JSE Africa All Share
8/30/2016,53563.93,53838.01,53435.4,53448.69,S. Africa  FTSE JSE Africa All Share
8/29/2016,53506.62,53619.72,53238.89,53563.93,S. Africa  FTSE JSE Africa All Share
8/26/2016,53482.88,53610.61,53200.59,53506.62,S. Africa  FTSE JSE Africa All Share
8/25/2016,53562.8,53617.65,53194.47,53482.88,S. Africa  FTSE JSE Africa All Share
8/24/2016,52957.8,53688.85,52957.8,53562.8,S. Africa  FTSE JSE Africa All Share
8/23/2016,52828.93,53024.78,52688.51,52957.8,S. Africa  FTSE JSE Africa All Share
8/22/2016,52771.95,52993.62,52667.48,52828.93,S. Africa  FTSE JSE Africa All Share
8/19/2016,52989.66,53330.35,52706.56,52771.95,S. Africa  FTSE JSE Africa All Share
8/18/2016,52309.7,53010.7,52309.7,52989.66,S. Africa  FTSE JSE Africa All Share
8/17/2016,52396.4,52742.1,52088.7,52309.7,S. Africa  FTSE JSE Africa All Share
8/16/2016,52397.97,52908.5,52287.47,52396.4,S. Africa  FTSE JSE Africa All Share
8/15/2016,52806.5,52979.67,52397.97,52397.97,S. Africa  FTSE JSE Africa All Share
8/12/2016,52321.78,53071.88,52321.78,52806.5,S. Africa  FTSE JSE Africa All Share
8/11/2016,52218.61,52324.15,51875.17,52321.78,S. Africa  FTSE JSE Africa All Share
8/10/2016,52486.65,52503.06,52140.1,52218.61,S. Africa  FTSE JSE Africa All Share
8/8/2016,52348.36,52602.01,52299.38,52486.65,S. Africa  FTSE JSE Africa All Share
8/5/2016,52543.37,52776.59,52310.28,52348.36,S. Africa  FTSE JSE Africa All Share
8/4/2016,52532.76,52543.37,52543.37,52543.37,S. Africa  FTSE JSE Africa All Share
8/2/2016,53126.8,53126.8,52460.59,52532.76,S. Africa  FTSE JSE Africa All Share
8/1/2016,52797.58,53371.99,52797.58,53126.8,S. Africa  FTSE JSE Africa All Share
7/29/2016,53282.16,52797.58,52797.58,52797.58,S. Africa  FTSE JSE Africa All Share
7/28/2016,53764.26,53939.33,53256,53282.16,S. Africa  FTSE JSE Africa All Share
7/27/2016,53638.04,53884.74,53483.68,53764.26,S. Africa  FTSE JSE Africa All Share
7/26/2016,53292.52,53745.29,53271.56,53638.04,S. Africa  FTSE JSE Africa All Share
7/25/2016,53005.22,53666.97,53005.22,53292.52,S. Africa  FTSE JSE Africa All Share
7/22/2016,52974.03,53006.4,52610.41,53005.22,S. Africa  FTSE JSE Africa All Share
7/21/2016,52837.86,53070.82,52752.23,52974.03,S. Africa  FTSE JSE Africa All Share
7/20/2016,52892.92,52939.71,52467.2,52837.86,S. Africa  FTSE JSE Africa All Share
7/19/2016,53046.31,53046.31,52444.82,52892.92,S. Africa  FTSE JSE Africa All Share
7/18/2016,53088.46,53088.46,52701.55,53046.31,S. Africa  FTSE JSE Africa All Share
7/15/2016,52837.03,53147.86,52604.31,53088.46,S. Africa  FTSE JSE Africa All Share
7/14/2016,52814.88,53001.11,52564.48,52837.03,S. Africa  FTSE JSE Africa All Share
7/13/2016,52547.52,52914.4,52547.52,52814.88,S. Africa  FTSE JSE Africa All Share
7/12/2016,52170.37,52623.21,52069.89,52547.52,S. Africa  FTSE JSE Africa All Share
7/11/2016,51276.4,52170.37,51276.4,52170.37,S. Africa  FTSE JSE Africa All Share
7/8/2016,51097.48,51397.1,50806.51,51276.4,S. Africa  FTSE JSE Africa All Share
7/7/2016,50811.66,51526.21,50811.66,51097.48,S. Africa  FTSE JSE Africa All Share
7/6/2016,51670.16,51670.16,50786.74,50811.66,S. Africa  FTSE JSE Africa All Share
7/5/2016,52454.24,52454.24,51670.16,51670.16,S. Africa  FTSE JSE Africa All Share
7/4/2016,52357.5,52817.69,52355.11,52454.24,S. Africa  FTSE JSE Africa All Share
7/1/2016,52217.72,52708.65,51820.55,52357.5,S. Africa  FTSE JSE Africa All Share
6/30/2016,51890.42,52684.99,51890.42,52217.72,S. Africa  FTSE JSE Africa All Share
6/29/2016,51141.14,52018.96,51141.14,51890.42,S. Africa  FTSE JSE Africa All Share
6/28/2016,50086.68,51490.79,50086.68,51141.14,S. Africa  FTSE JSE Africa All Share
6/27/2016,51679.66,51679.66,50017.98,50086.68,S. Africa  FTSE JSE Africa All Share
6/24/2016,53585.53,53585.53,50747.56,51679.66,S. Africa  FTSE JSE Africa All Share
6/23/2016,53557.2,53927.3,53201.31,53585.53,S. Africa  FTSE JSE Africa All Share
6/22/2016,52955.18,53690.95,52955.18,53557.2,S. Africa  FTSE JSE Africa All Share
6/21/2016,53032.14,53032.14,52588.93,52955.18,S. Africa  FTSE JSE Africa All Share
6/20/2016,52140.61,53036.97,52140.61,53032.14,S. Africa  FTSE JSE Africa All Share
6/17/2016,52026.71,52150.05,51667.25,52140.61,S. Africa  FTSE JSE Africa All Share
6/15/2016,51394.31,52026.71,51394.31,52026.71,S. Africa  FTSE JSE Africa All Share
6/14/2016,52511.52,52511.52,51394.31,51394.31,S. Africa  FTSE JSE Africa All Share
6/13/2016,53175.15,52511.52,52511.52,52511.52,S. Africa  FTSE JSE Africa All Share
6/10/2016,53353.87,53390.19,53004.39,53175.15,S. Africa  FTSE JSE Africa All Share
6/9/2016,53960.18,53960.18,53297.08,53353.87,S. Africa  FTSE JSE Africa All Share
6/8/2016,54305.73,54305.73,53854.91,53960.18,S. Africa  FTSE JSE Africa All Share
6/7/2016,53990.76,54422.24,53963.48,54305.73,S. Africa  FTSE JSE Africa All Share
6/6/2016,54259.36,54259.36,53654.31,53990.76,S. Africa  FTSE JSE Africa All Share
6/3/2016,53716.91,54259.36,53716.91,54259.36,S. Africa  FTSE JSE Africa All Share
6/2/2016,53518.36,54023.81,53518.36,53716.91,S. Africa  FTSE JSE Africa All Share
6/1/2016,53905.21,53905.21,53478.98,53518.36,S. Africa  FTSE JSE Africa All Share
5/31/2016,54474.09,54704.22,53905.21,53905.21,S. Africa  FTSE JSE Africa All Share
5/30/2016,54105.37,54501.32,54030.3,54474.09,S. Africa  FTSE JSE Africa All Share
5/27/2016,53921,54266.17,53919.41,54105.37,S. Africa  FTSE JSE Africa All Share
5/26/2016,53721.88,54393.13,53721.88,53921,S. Africa  FTSE JSE Africa All Share
5/25/2016,53050.76,53828.62,53050.76,53721.88,S. Africa  FTSE JSE Africa All Share
5/24/2016,52628.62,53169.72,52431.86,53050.76,S. Africa  FTSE JSE Africa All Share
5/23/2016,52638.25,52638.25,52219.55,52628.62,S. Africa  FTSE JSE Africa All Share
5/20/2016,52370.1,53057.01,52370.1,52638.25,S. Africa  FTSE JSE Africa All Share
5/19/2016,52797.23,52797.23,52094.91,52370.1,S. Africa  FTSE JSE Africa All Share
5/18/2016,52528.84,52899.14,52267.87,52797.23,S. Africa  FTSE JSE Africa All Share
5/17/2016,52412.68,53001.81,52223.85,52528.84,S. Africa  FTSE JSE Africa All Share
5/16/2016,51602.55,52496.14,51602.55,52412.68,S. Africa  FTSE JSE Africa All Share
5/13/2016,51458.48,51602.55,50923.42,51602.55,S. Africa  FTSE JSE Africa All Share
5/12/2016,52130.34,52130.34,51458.48,51458.48,S. Africa  FTSE JSE Africa All Share
5/11/2016,51875.26,52425.91,51875.26,52130.34,S. Africa  FTSE JSE Africa All Share
5/10/2016,51348.72,51891.22,51348.72,51875.26,S. Africa  FTSE JSE Africa All Share
5/9/2016,51417.38,52048.84,51348.72,51348.72,S. Africa  FTSE JSE Africa All Share
5/6/2016,51933.8,51933.8,51306.96,51417.38,S. Africa  FTSE JSE Africa All Share
5/5/2016,51873.5,52258.53,51417.89,51933.8,S. Africa  FTSE JSE Africa All Share
5/4/2016,51912.11,52098.08,51478.23,51873.5,S. Africa  FTSE JSE Africa All Share
5/3/2016,52957.32,53203.53,51892.13,51912.11,S. Africa  FTSE JSE Africa All Share
4/29/2016,53223.98,53223.98,52795.41,52957.32,S. Africa  FTSE JSE Africa All Share
4/28/2016,53062.95,53591.31,53062.95,53223.98,S. Africa  FTSE JSE Africa All Share
4/26/2016,52985.31,53062.95,53062.95,53062.95,S. Africa  FTSE JSE Africa All Share
4/25/2016,52925.75,53031.91,52401.06,52985.31,S. Africa  FTSE JSE Africa All Share
4/22/2016,53323.58,52925.75,52925.75,52925.75,S. Africa  FTSE JSE Africa All Share
4/21/2016,53789.75,54039.17,53191.38,53323.58,S. Africa  FTSE JSE Africa All Share
4/20/2016,53380.94,53789.75,52975.56,53789.75,S. Africa  FTSE JSE Africa All Share
4/19/2016,53166.59,53434.02,53107.7,53380.94,S. Africa  FTSE JSE Africa All Share
4/18/2016,53038.91,53166.59,52516,53166.59,S. Africa  FTSE JSE Africa All Share
4/15/2016,52848,53042.16,52537.23,53038.91,S. Africa  FTSE JSE Africa All Share
4/14/2016,52938.24,53064.99,52667.74,52848,S. Africa  FTSE JSE Africa All Share
4/13/2016,52059.76,53528.02,52059.76,52938.24,S. Africa  FTSE JSE Africa All Share
4/12/2016,51428.08,52059.76,51341.23,52059.76,S. Africa  FTSE JSE Africa All Share
4/11/2016,51424.48,51639.25,51091.44,51428.08,S. Africa  FTSE JSE Africa All Share
4/8/2016,51146.82,51551.57,51031,51424.48,S. Africa  FTSE JSE Africa All Share
4/7/2016,51184.32,51540.29,51029.36,51146.82,S. Africa  FTSE JSE Africa All Share
4/6/2016,51226.09,51566.67,51098.74,51184.32,S. Africa  FTSE JSE Africa All Share
4/5/2016,51895.14,51895.14,50996.33,51226.09,S. Africa  FTSE JSE Africa All Share
4/4/2016,51584.13,51963.76,51334.32,51895.14,S. Africa  FTSE JSE Africa All Share
4/1/2016,52250.28,52250.28,51290.5,51584.13,S. Africa  FTSE JSE Africa All Share
3/31/2016,52495.46,52495.46,51800.57,52250.28,S. Africa  FTSE JSE Africa All Share
3/30/2016,51787.2,52659.64,51787.2,52495.46,S. Africa  FTSE JSE Africa All Share
3/29/2016,52323.78,52562.82,51724.61,51787.2,S. Africa  FTSE JSE Africa All Share
3/24/2016,52569.55,52569.55,51718.43,52323.78,S. Africa  FTSE JSE Africa All Share
3/23/2016,53392.86,53392.86,52446.86,52569.55,S. Africa  FTSE JSE Africa All Share
3/22/2016,53824.28,53392.86,53392.86,53392.86,S. Africa  FTSE JSE Africa All Share
3/18/2016,53190.56,53826.58,53082.97,53824.28,S. Africa  FTSE JSE Africa All Share
3/17/2016,52685.7,53606.92,52685.7,53190.56,S. Africa  FTSE JSE Africa All Share
3/16/2016,52253.79,52685.7,52685.7,52685.7,S. Africa  FTSE JSE Africa All Share
3/15/2016,52471.72,52471.72,51780.49,52253.79,S. Africa  FTSE JSE Africa All Share
3/14/2016,51739.83,52498,51739.83,52471.72,S. Africa  FTSE JSE Africa All Share
3/11/2016,51533.78,51909.05,51304.57,51739.83,S. Africa  FTSE JSE Africa All Share
3/10/2016,51484.46,51684.25,51251.35,51533.78,S. Africa  FTSE JSE Africa All Share
3/9/2016,52247.84,52319.09,51445.94,51484.46,S. Africa  FTSE JSE Africa All Share
3/8/2016,52673.79,52776.2,52220.26,52247.84,S. Africa  FTSE JSE Africa All Share
3/7/2016,52200.71,52679.07,51927.71,52673.79,S. Africa  FTSE JSE Africa All Share
3/4/2016,51787.01,52225.23,51751.65,52200.71,S. Africa  FTSE JSE Africa All Share
3/3/2016,50966.93,51839.89,50966.93,51787.01,S. Africa  FTSE JSE Africa All Share
3/2/2016,50315.09,50966.93,50315.09,50966.93,S. Africa  FTSE JSE Africa All Share
3/1/2016,49415.31,50408.58,49415.31,50315.09,S. Africa  FTSE JSE Africa All Share
2/29/2016,49429.4,49648.86,48947.44,49415.31,S. Africa  FTSE JSE Africa All Share
2/26/2016,48373.17,49463.65,48373.17,49429.4,S. Africa  FTSE JSE Africa All Share
2/25/2016,47995.82,48575.26,47995.82,48373.17,S. Africa  FTSE JSE Africa All Share
2/24/2016,48421.99,48421.99,47388.15,47995.82,S. Africa  FTSE JSE Africa All Share
2/23/2016,49112.8,49168.58,48298.79,48421.99,S. Africa  FTSE JSE Africa All Share
2/22/2016,48940.43,49371.65,48940.43,49112.8,S. Africa  FTSE JSE Africa All Share
2/19/2016,49857.7,49898.46,48659.8,48940.43,S. Africa  FTSE JSE Africa All Share
2/18/2016,50039.31,50434.36,49786.83,49857.7,S. Africa  FTSE JSE Africa All Share
2/17/2016,49387.1,50166.13,49306.65,50039.31,S. Africa  FTSE JSE Africa All Share
2/16/2016,49851.95,50226.37,49377.24,49387.1,S. Africa  FTSE JSE Africa All Share
2/15/2016,48589.69,49851.95,48589.69,49851.95,S. Africa  FTSE JSE Africa All Share
2/12/2016,47411.57,48838.02,47411.57,48589.69,S. Africa  FTSE JSE Africa All Share
2/11/2016,48273.24,48273.24,47275.3,47411.57,S. Africa  FTSE JSE Africa All Share
2/10/2016,48344.75,48796.71,48063.35,48273.24,S. Africa  FTSE JSE Africa All Share
2/9/2016,49429.59,49429.59,48231.82,48344.75,S. Africa  FTSE JSE Africa All Share
2/8/2016,49753.29,49882.27,49170.12,49429.59,S. Africa  FTSE JSE Africa All Share
2/5/2016,49627.53,49880.14,49231.25,49753.29,S. Africa  FTSE JSE Africa All Share
2/4/2016,48535.48,49744.81,48535.48,49627.53,S. Africa  FTSE JSE Africa All Share
2/3/2016,48029.24,48789.46,47725.76,48535.48,S. Africa  FTSE JSE Africa All Share
2/2/2016,49055.54,49055.54,47998.97,48029.24,S. Africa  FTSE JSE Africa All Share
2/1/2016,49141.94,49508.16,48643.61,49055.54,S. Africa  FTSE JSE Africa All Share
1/29/2016,48702.61,49320.31,48645.63,49141.94,S. Africa  FTSE JSE Africa All Share
1/28/2016,47923.92,49028.78,47894.47,48702.61,S. Africa  FTSE JSE Africa All Share
1/27/2016,47532.4,48029.82,47532.4,47923.92,S. Africa  FTSE JSE Africa All Share
1/26/2016,47210.42,47654.36,46582.05,47532.4,S. Africa  FTSE JSE Africa All Share
1/25/2016,47661.87,47960.9,47156.67,47210.42,S. Africa  FTSE JSE Africa All Share
1/22/2016,46282.02,47674.08,46282.02,47661.87,S. Africa  FTSE JSE Africa All Share
1/21/2016,46329.78,46430.88,45975.78,46282.02,S. Africa  FTSE JSE Africa All Share
1/20/2016,47627.76,47627.76,46093.27,46329.78,S. Africa  FTSE JSE Africa All Share
1/19/2016,46876.62,47959.55,46876.62,47627.76,S. Africa  FTSE JSE Africa All Share
1/18/2016,46960.37,47567.86,46855.35,46876.62,S. Africa  FTSE JSE Africa All Share
1/15/2016,47697.53,47872.83,46901.92,46960.37,S. Africa  FTSE JSE Africa All Share
1/14/2016,48412.8,48412.8,47697.53,47697.53,S. Africa  FTSE JSE Africa All Share
1/13/2016,48396.18,48787.87,48215.39,48412.8,S. Africa  FTSE JSE Africa All Share
1/12/2016,48322.68,48764.57,47883.86,48396.18,S. Africa  FTSE JSE Africa All Share
1/11/2016,48104.68,48596.3,47499.57,48322.68,S. Africa  FTSE JSE Africa All Share
1/8/2016,48052.78,48509.68,47923.76,48104.68,S. Africa  FTSE JSE Africa All Share
1/7/2016,49082.29,49082.29,47637.5,48052.78,S. Africa  FTSE JSE Africa All Share
1/6/2016,49599.72,49599.72,48909.23,49082.29,S. Africa  FTSE JSE Africa All Share
1/5/2016,49316.61,49793.19,49027.6,49599.72,S. Africa  FTSE JSE Africa All Share
1/4/2016,50693.76,50693.76,49265.41,49316.61,S. Africa  FTSE JSE Africa All Share
